jobId,title,description,jobUrl,postedDate,jdDeadline,company,salaryRange,employmentType,worktype,location,city,state,country,ats
260081-2,HOME SERVICES SUPERVISOR,"POSITION SUMMARY
Under general supervision, performs daily work assignments for the Senior Center Division of the Community Services Department in accordance with the Employee Manual, Department Policies and Procedures, City of Alamogordo Ordinances, and any applicable State or Federal authority.

RECRUITMENT QUALIFICATIONS
Required:
	Associates degree in business administration, social services, or a related field;
	Three (3) years of experience in program administration;
	Two (2) years of supervisory experience;
	Valid New Mexico Drivers License with a driving record acceptable to the City of Alamogordo;
	Or any equivalent combination of education, experience, and training that provides the required knowledge, skills, and abilities.

Required within thirty (30) days of hire date:
	Complete WellSky training to access and use the on-line WellSky program; and
	Valid New Mexico Food Handler Card.

PRIMARY DUTIES AND RESPONSIBILITIES
Essential Duties
	Manages and supervises direct-report staff by coordinating, assigning, and reviewing work to ensure compliance with policies and procedures;
	Conducts employee evaluations, introductory and annual; makes recommendations for hiring, promoting, and releasing employees; 
	Initiates and administers corrective action, as necessary, according to the Employee Manual;
	Mentors employees to full potential and ensures appropriate training is given to meet the standards of the position held;
	Maintains schedule and coordinates volunteers to assist in the daily delivery of meals under the Home Delivered Meal program;
	Delivers meals for the Home Delivered Meal program in a City vehicle, as needed;
	Gives presentations to local organizations concerning the Home Delivered Meal program;
	Conducts assessments and reassessments as required by the State of seniors unable to function independently including interviewing, completing assessment, application, and evaluation forms, compiling required information, and preparing and submitting reports, as required; maintains client records and scans records to the States AAA Data Entry Center;
	Visits, and assesses the status of senior citizens inquiring about home-delivered meals;
	Coordinates with doctors, home-care agencies, hospitals, social services, and the public by reporting senior citizens requiring assistance;
	Coordinates with local business and social organizations to assist with the procurement of home repairs for senior participants when necessary;
	Researches and develops new procedures and programs to maximize the efficiency of services provided;
	Prepares various monthly reports, including State-required assessment/reassessment reports, reports regarding volunteer hours, new projects, etc. and submits to the appropriate City/State personnel;
	Plans various programs with the Alamo Senior Center, local businesses and organizations, and Holloman Air Force Base (HAFB), including fitness days, dinner functions, and holiday programs; participates in similar events for the homebound seniors;
	Plans and coordinates food baskets and holiday gifts/meals with local businesses and organizations;
	Assists with various activities including working at dances, serving at special dinners, arranging for decorations, organizing special events, and accompanying seniors on trips;
	Assists with developing fiscal division budgets, and monitors and approves expenditures;
	Oversees inventory of supplies and completes purchase order paperwork following the Citys Procurement Code and department rules and regulations; retains files and invoices;
	Attends various meetings to address complaints and problem areas, and identify solutions;
	Greets the public in person and on the telephone, answers questions relating to Senior Center services, takes messages, and directs individuals to appropriate parties when necessary;
	Safely operates City vehicles;
	Establishes procedures to assure the highest standards of risk management, employee safety, and risk avoidance;
	Responsible for thoroughly investigating, reviewing, and addressing department or division accidents to prevent future occurrences and control risk management-related costs;
	Contributes to a high-quality work culture through participation in training and mentoring to develop skills, including safety-related training and skills;
	Interacts professionally and provides excellent customer service to all levels of City staff and citizens to ensure high operational and service standards; and
	Performs duties in accordance with the Employee Manual, Department Policies and Procedures, City of Alamogordo Ordinances, and any applicable State or Federal authority.

OTHER IMPORTANT DUTIES
	The Alamo Senior Center is a backup emergency shelter for the community, and this position may be required to train on emergency response and/or perform certain emergency services as directed; 
	Must maintain required license(s);
	Performs administrative duties, including typing correspondence, memos, and letters and filing various documents;
	Duties may be performed outside of normal business hours for special events or projects;
	Occasional travel may be necessary for training purposes;
	Maintains the confidentiality of information obtained during the performance of duties; and
	Performs such other duties as may be assigned.

The duties listed above are intended only as illustrations of the various types of work that may be performed.  The omission of specific statements of duties does not exclude them from the position if the work is similar, related, or a logical assignment to the position.",https://cityofalamogordonm.munisselfservice.com/ess/EmploymentOpportunities/JobDetail.aspx?req=260081&sreq=2&form=GEN&desc=HOME%20SERVICES%20SUPERVISOR,2026-07-15,12/31/9999,City of Alamogordo,$18.51/hr and up,INTERNAL & EXTERNAL,,"Alamogordo, NM, USA",Alamogordo,NM,USA,Tyler Technologies - Munis Self Service (ESS)
260092-2,FINANCE PROCUREMENT SPECIALIST,"POSITION SUMMARY
Under general supervision, performs daily work assignments for the Purchasing Division of the Finance Department in accordance with the Employee Manual, Department Policies and Procedures, City of Alamogordo Ordinances, and any applicable State or Federal authority.

RECRUITMENT QUALIFICATIONS
Required:
	High School Diploma or GED equivalent;
	Two (2) years of experience in a procurement environment;
	Two (2) years of experience performing accounts payable duties;
	Obtain Certification as a NM Certified Procurement Officer within one year of hire;
	Valid New Mexico Drivers License, or the ability to obtain within sixty (60) days of employment,    with a driving record acceptable to the City of Alamogordo;
	Or, any equivalent combination of education, experience, and training which provides the  required knowledge, skills, and abilities.

Desired:
	Accounting or business classes from a higher learning institution.
	NM Certified Procurement Officer. 
 
PRIMARY DUTIES AND RESPONSIBILITIES
Essential Duties
	Review purchases made with vendors to ensure compliance with threshold limits;
	Maintain purchase order filing system and register;
	Investigate and resolve purchase order problems;
	Prepare monthly department billing on various utility service charges;
	Maintain warehouse inventory and vendor liability insurance files for the City;
	Prepare and distribute documents for sealed bids, including posting bid announcements on the City website;
	Review and track bid proposals and quotes from vendors;
	Maintain bidder files, and send notice of bid awards to bid recipients and post-bid recipients   on the City website;  
	Assist in preparing reports on contract recommendations, with regard to goods and services,   for presentation to the City Commission and the general public;
	Execute and track non-taxable transaction certificates within guidelines set by the NM Tax      Law;
	Assist in maintaining the computerized procurement system by updating vendor and other      information as necessary;
	Responsible for oversite of and execution of all City auctions, including tracking and transfer  of auctioned items;
	Accurately prepare, distribute, and maintain files for annual 1099 forms;
	Provides procurement and accounts payable training to city staff;
	Provides recommendations on procurement and accounts payable policies and procedures;
	Performs complex clerical and accounts payable functions to maintain and monitor financial    record processes; 
	Prepares and tracks invoices for payment and matches to purchase orders; enters and verifies  payable documents and purchase order data in computer;
	Compiles data and prepares various reports to generate checks, including expenditure              appropriation lists (EAL), vendor lists, appropriations/expenditure reports, and quarterly          reports;
	Responsible for all city utility accounts (electric, gas, water, phone, etc.) by preparing and submitting monthly check requests with the correct documentation and ensuring the          appropriate line items are charged; 
	Reconciling vendor statements;
	Prepares and verifies vouchers and associated reports for non-purchase order payments such   as check requests, and travel;
	Answer questions and respond to complaints from the public, City departments, and vendors  with regard to procurement activities;
	Ensure office copy machine maintenance and inventory necessary for operation;
	Contribute to a high-quality work culture through participation in training and mentoring to  develop skills, including safety-related training and skills; 
	Interacts professionally and provides excellent customer service to all levels of City staff     and citizens to ensure high operational and service standards; and
	Perform duties according to City of Alamogordo Ordinances, Citywide and Departmental    Policies and Procedures, and any applicable laws regulated by an outside authority.

OTHER IMPORTANT DUTIES
	Must maintain required licenses(s) and/or certification(s);
	Assist with warehousing, distribution, and shipping as needed;
	Work outside of the normal work schedule may be required, including evenings, weekends,   and holidays;
	Maintain the confidentiality of information obtained during the performance of duties;
	On-call once per month or as rotation requires; and
	Performs such other duties as may be assigned.

The duties listed above are intended only as illustrations of the various types of work that may be performed.  The omission of specific statements of duties does not exclude them from the position if the work is similar, related or a logical assignment to the position.",https://cityofalamogordonm.munisselfservice.com/ess/EmploymentOpportunities/JobDetail.aspx?req=260092&sreq=2&form=GEN&desc=FINANCE%20PROCUREMENT%20SPECIALIST,2026-08-04,12/31/9999,City of Alamogordo,$17.71/hr and up,INTERNAL & EXTERNAL,,"Alamogordo, NM, USA",Alamogordo,NM,USA,Tyler Technologies - Munis Self Service (ESS)
260097-1,RECREATION ATTENDANT (PART-TIME),"POSITION SUMMARY
Under general supervision, performs daily work assignments for the Recreation Center Division of the Parks and Recreation Department. Department in accordance with the Employee Manual, Department Policies and Procedures, City of Alamogordo Ordinances, and any applicable State or Federal authority.

RECRUITMENT QUALIFICATIONS
Required:
	Must be at least 18 years of age;
	High School diploma or GED;
	One (1) year of experience in a high-volume customer service environment;
	One (1) year of cashiering experience;
	Valid CPR and First Aid certificates or the ability to obtain them within 30 days of hire;
	Valid New Mexico Drivers License or the ability to obtain within sixty (60) days of employment, with a driving record acceptable to the City of Alamogordo;
	Or any equivalent combination of education, experience, and training that provides the required knowledge, skills, and abilities.

Desired: 
	Experience working with children.

PRIMARY DUTIES AND RESPONSIBILITIES
Essential Duties
	Assists in daily operations of the Recreation Center front desk control center, pool, and youth programs;
	Assist in overseeing operations, including front desk management, program/service provision, and facilities usage by patrons;
	Promptly and effectively interacts with patrons in person, by phone, and /or electronically, to all inquiries regarding the facilities, programs, services, and amenities provided or overseen by the Recreation Center as part of the Parks and Recreation Department;
	Perform front desk administrative duties such as facilitating and processing patron registrations, passes, permits, rentals, refunds/credits, and sponsorship applications;
	Manage patron check-in/out procedures, for example, preparing pass cards, supervising sign-in forms, collecting fees, and issuing equipment;
	Operate a multi-line phone, including answering, redirecting, and taking messages as needed.  Collect and organize any associated paperwork;  
	Maintain and balance a daily cash drawer;
	Assist in facility maintenance, including monitoring all Recreation Center areas, enforcing all facility rules and policies, inspecting all areas, and promptly reporting any issues to the appropriate higher-level staff.  Aid in maintaining facility cleanliness and performing general custodial duties;
	Provide operational support, as assigned, for events, programs, and services such as equipment set up/take down, patron transportation, sports/game scorekeeping, temporary youth participant supervision, decorating, and organizing supplies;
	Maintain up-to-date information and postings on facility marquee sign and bulletin boards;
	May fill in/substitute for co-workers, if assigned during temporary absences, by performing delegated duties sufficient to maintain normal operations;
	Provide first aid or CPR, when certified, as needed;
	Contributes to a high-quality work culture through participation in training and mentoring to develop skills, including safety-related training and skills;
	Interact professionally and provide excellent customer service to all levels of City staff and citizens to ensure high operational and service standards; and
	Perform duties in accordance with the Employee Manual, Department Policies and Procedures, City of Alamogordo Ordinances, and any applicable State or Federal authority.

OTHER IMPORTANT DUTIES
	Must obtain and maintain required license(s);
	Will work irregular hours, including shift work, nights, weekends, holidays, split shifts, and overtime hours; 
	Maintain the confidentiality of information obtained during the performance of duties; and
	Perform such other duties as may be assigned.

The duties listed above are intended only as illustrations of the various types of work that may be performed.  The omission of specific statements of duties does not exclude them from the position if the work is similar, related, or a logical assignment to the position.",https://cityofalamogordonm.munisselfservice.com/ess/EmploymentOpportunities/JobDetail.aspx?req=260097&sreq=1&form=GEN&desc=RECREATION%20ATTENDANT%20(PART-TIME),2026-07-17,12/31/9999,City of Alamogordo,$15.52/hr and up,INTERNAL & EXTERNAL,PART-TIME,"Alamogordo, NM, USA",Alamogordo,NM,USA,Tyler Technologies - Munis Self Service (ESS)
260099-1,APD CIT PEER RECOVERY SPECIALIST,"POSITION SUMMARY
Under general supervision, performs daily work assignments for the Mobile Crisis Response Team (MCRT) Division of the Alamogordo Police Department, in accordance with the Employee Manual, Department Policies and Procedures, City of Alamogordo Ordinances, and any applicable State or Federal authority.  

RECRUITMENT QUALIFICATIONS
Required:
	High school diploma or GED equivalent;
	Certified Peer Recovery Specialist (CPSW) or Certified Family Support Worker (CFPSW)* in New Mexico or the ability to be certified at the next testing opportunity;
	Lived experience of recovery from a mental health condition and/or a substance use disorder;
	Valid New Mexico Drivers License, or the ability to obtain within 60 days, with a driving record acceptable to the City of Alamogordo; 
	Or any equivalent combination of education, experience, and training that provides the required knowledge, skills, and abilities.

Desired: 
	Experience with case management.

*The New Mexico Credentialing Board and Office of Peer Recovery and Engagement (OPRE) determine minimum qualifications for certifications. Testing eligibility and renewal requirements are subject to change pursuant to the Program.

PRIMARY DUTIES AND RESPONSIBILITIES
Essential Duties
	The CIT Peer Recovery Specialist functions as an advocate, mentor, and guide to cultivate an environment characterized by mutual respect; in contrast to traditional roles, this position leverages personal experience with mental health challenges, substance use recovery, and the navigation of complex systems such as healthcare, housing, or justice systems to support peers on their path toward wellness and independence; 
	Works as a part of a mobile crisis team serving people in crisis in Otero County; 
	Assists in performing a danger assessment, a crisis assessment, an environmental assessment, and a lethality assessment upon entry to the community situation;
	Assists in performing an on-scene assessment and treatment plan;
	Performs crisis intervention, including de-escalation, crisis planning, and implementation;
	Designs appropriate referral recommendations using available community resources and follow-up;
	Maintains all incident documentation pertaining to the MCRT department;
	Serves as the on-site resource for any relevant clinical information and will be the liaison for collaboration with other involved parties, including families, friends, and other community providers (all under the clinical supervision of an independently licensed clinician);
	Provides case management duties to reduce future crisis response needs;
	Promotes self-care, illness self-management, and wellness and recovery;
	Addresses population of child, adolescent, adult, dual diagnosis, co-occurring, and elderly; 
	Works with families and involved persons to de-escalate the situation, make a crisis plan, and enlist cooperation with recommended treatment; and documents interactions;
	Provides education in the community about the agency and all components of CRS when needed;
	Safely operates a City vehicle;
	Provides mentoring to interns and new staff;
	Contributes to a high-quality work culture through participation in training and mentoring to develop skills, including safety-related training and skills;
	Interacts professionally and provides excellent customer service to all levels of City staff and citizens to ensure high operational and service standards; and
	Performs duties in accordance with the Employee Manual, Department Policies and Procedures, City of Alamogordo Ordinances, and any applicable State or Federal authority.

OTHER IMPORTANT DUTIES
	Must obtain and maintain required license(s) and/or certification(s);
	Must be able to work as a team with first responders; 
	May be required to work outside of normal business hours, including evenings, weekends, and holidays; 
	Maintains the confidentiality of information obtained during the performance of duties; and
	Performs such other duties as may be assigned.

The duties listed above are intended only as illustrations of the various types of work that may be performed.  The omission of specific statements of duties does not exclude them from the position if the work is similar, related, or a logical assignment to the position.",https://cityofalamogordonm.munisselfservice.com/ess/EmploymentOpportunities/JobDetail.aspx?req=260099&sreq=1&form=GEN&desc=APD%20CIT%20PEER%20RECOVERY%20SPECIALIST,2026-08-07,08/21/2026,City of Alamogordo,$15.52/hr and up,INTERNAL & EXTERNAL,,"Alamogordo, NM, USA",Alamogordo,NM,USA,Tyler Technologies - Munis Self Service (ESS)
260100-1,PARKS & RECREATION EXECUTIVE ASSISTANT,"POSITION SUMMARY
Under general supervision, performs daily work assignments for the Administrative Division of the Parks & Recreation Department in accordance with the Employee Manual, Department Policies and Procedures, City of Alamogordo Ordinances, and any applicable State or Federal authority.

RECRUITMENT QUALIFICATIONS
Required:
	High School diploma or GED;
	Five (5) years of experience performing administrative duties in an office environment;
	Type accurately at a speed of at least 35 words per minute (verified by testing);
	Drivers License, or the ability to obtain within sixty (60) days of employment, with a driving record acceptable to the City of Alamogordo;
	Or any equivalent combination of education, experience, and training that provides the required knowledge, skills, and abilities.

Desired:
	Associates degree in business, accounting, finance, or a related field.

PRIMARY DUTIES AND RESPONSIBILITIES
Essential Duties
	Assists the Parks & Recreation Director by performing administrative and clerical duties, including answering the phone, typing, composing letters and memorandums, preparing various types of reports, correspondence, forms, and statistical analyses, copying, filing, and distributing written materials, and handling both incoming and outgoing mail;
	Maintains the calendar of the Parks & Recreation Director by planning and scheduling meetings, conferences, teleconferences, personal appearances and/or speaking engagements, and travel;
	Greets the public in person and on the telephone, provides general information, answers questions, and directs individuals to appropriate parties, as necessary, for the Parks & Recreation Department;
	Serves as the payroll timekeeping operator for the department by entering payroll information into the timekeeping system in a timely manner; prepares and receives authorization for any payroll discrepancies for all department employees;
	Maintains the records of the Director and the department;
	Maintains, files, and enters into computer, various reports and performs record retention and destruction in accordance with State guidelines;
	Responsible for reviewing, distributing, and following up on internet emails from the public to the departments main website email address;
	Ensures that the departments information contained on the Citys website is current and accurate and reports any changes and/or discrepancies to the Citys webmaster;
	With appropriate access, may participate in making changes to the Departments website information if directed and trained by the webmaster;
	Provides clerical support for various Advisory Boards, such as Parks & Recreation and Cemetery;
	Processes and administers contracts that are recommended by Advisory Boards and approved by the Parks & Recreation Director;
	Creates meeting agendas, records minutes of meetings, and maintains files and contracts for the Advisory Boards;
	Works actively with the Advisory Boards and the Parks & Recreation Director on fiscal year budgets and strategic plans;
	Creates and compiles the Parks & Recreation brochure;
	Compiles statistical data for monthly and quarterly reports or as needed;
	Prepares monthly and quarterly financial reports required by City, State, or Federal agencies;
	Responsible for processing requisitions and approving purchase orders for supplies and equipment needed for the department and/or divisions, adhering to the purchasing guidelines;
	Receives, reviews, approves, and submits invoices to the Accounts Payable Department for payment;
	Prepares, reviews, and submits invoices to the Accounts Receivable system for collection of payments and maintains and receives records of department collections;
	Audits petty cash transactions for the divisions; completes paperwork for the reimbursement as required by City policy;
	Processes all refunds, credit, and hand check requests including vendor invoices for payment, with appropriate backup documents;
	May assist with entering and preparing the budget for all divisions within the department, coordinating with the Director and division managers;
	Reviews division budgets monthly and quarterly prepares necessary budget revisions, and notifies the Director of discrepancies;
	Processes Travel Authorization Forms for the department; completes the preliminary paperwork prior to the employees travel and posts paperwork within five working days after the employee returns;
	Processes, reports, and reconciles Federal and State grants;
	Maintains the inventory of all fixed assets, controllable property, and equipment, and tracks disposal of unserviceable property according to City ordinance;
	Maintains up-to-date knowledge of related current and pending local, State and Federal ordinances, and communicates with the Parks & Recreation Director regarding this information;
	Assists in maintaining departmental operations manual and other policies and procedures;
	Prepares personnel-related documents for division managers and assures the timely submission for approval;
	Assists with other Parks & Recreation programs, as directed or requested by the Director;
	Assists with providing information and documents in response to IPRA requests;
	Responsible for the archival of department records according to the New Mexico Municipal Records Retention Schedule;
	Attends training for professional development;
	Recommends new approaches to effect continual improvements in the efficiency of the department and services performed;
	Safely operates a City vehicle;
	Contributes to a high-quality work culture through participation in training and mentoring to develop skills, including safety-related training and skills;
	Interacts professionally and provides excellent customer service to all levels of City staff and citizens to ensure high operational and service standards; and
	Performs duties in accordance with the Employee Manual, Department Policies and Procedures, City of Alamogordo Ordinances, and any applicable State or Federal authority.

OTHER IMPORTANT DUTIES
	Must obtain and maintain required license(s);
	Duties may be performed outside of normal business hours for special events or projects;
	Occasional travel may be necessary for training purposes;
	Maintains the confidentiality of information obtained during the performance of duties; and
	Performs such other duties as may be assigned.

The duties listed above are intended only as illustrations of the various types of work that may be performed.  The omission of specific statements of duties does not exclude them from the position if the work is similar, related, or a logical assignment to the position.",https://cityofalamogordonm.munisselfservice.com/ess/EmploymentOpportunities/JobDetail.aspx?req=260100&sreq=1&form=GEN&desc=PARKS%20%26%20RECREATION%20EXECUTIVE%20ASSISTANT,2026-07-31,08/14/2026,City of Alamogordo,$17.71/hr and up,INTERNAL & EXTERNAL,,"Alamogordo, NM, USA",Alamogordo,NM,USA,Tyler Technologies - Munis Self Service (ESS)
260103-1,RECEPTIONIST - SENIOR CENTER,"RECEPTIONIST-SENIOR CENTER
(Full-Time Regular)

POSITION SUMMARY
Under general supervision, performs daily work assignments for the Senior Center Division of the Community Services Department in accordance with the Employee Manual, Department Policies and Procedures, City of Alamogordo Ordinances, and any applicable State or Federal authority.

RECRUITMENT QUALIFICATIONS
Required:
	High school graduation or its equivalent;
	One (1) year of customer service experience;
	One (1) year of cash handling experience;
	Valid New Mexico Drivers License, or the ability to obtain within sixty (60) days of employment, with a driving record acceptable to the City of Alamogordo; or 
	Any equivalent combination of education, experience, and training which provides the required knowledge, skills, and abilities.

Desired: 
	Bilingual (Spanish).
	One (1) year of clerical experience.

PRIMARY DUTIES AND RESPONSIBILITIES
Essential Duties
	Demonstrates excellent customer service and multi-tasking skills while performing essential and other assigned duties;
	Greet the public in person and on the telephone, answers questions regarding Senior Center services and operations, take messages, and/or direct individuals to the appropriate personnel;
	Will conduct assessment and re-assessment registrations for new and existing participants following HIPAA privacy rules;
	Maintains various logs to track registration, including grocery shopping, distant van trips, classes given, etc.;
	Responsible for various monthly reports, including but not limited to monthly activity and kitchen reports;
	Assist with planning, organizing, and executing Senior Center activities and events from concept to completion, ensuring they operate smoothly and efficiently; 
	Will be required to work outside of normal business hours for scheduled activities and events sponsored by the Senior Center;
	Receives money from consumers and guests for various events and ensures proper handling and retention of money;
	Dispatches buses to senior participants homes and event locations and monitors and responds to bus radio traffic; 
	Serves as a backup driver in non-commercial City vehicles, if necessary and safely operates a City vehicle;
	Provides backup to the Senior Center Information/Resource Coordinator position;
	Contributes to a high-quality work culture through participation in training and mentoring to develop skills, including safety-related training and skills;
	Interacts professionally and provides excellent customer service to all levels of City staff and citizens to ensure high operational and service standards; and
	Performs duties in accordance with the Employee Manual, Department Policies and Procedures, City of Alamogordo Ordinances, and any applicable State or Federal authority.

OTHER IMPORTANT DUTIES
	Operate a City vehicle and serve as a backup driver as necessary;
	Provides backup to the Senior Center Information/Resource Coordinator position;
	Duties will require work being performed outside of normal working hours;
	Maintains the confidentiality of information obtained during the performance of duties; and
	Performs such other duties as may be assigned.

The duties listed above are intended only as illustrations of the various types of work that may be performed.  The omission of specific statements of duties does not exclude them from the position if the work is similar, related or a logical assignment to the position.",https://cityofalamogordonm.munisselfservice.com/ess/EmploymentOpportunities/JobDetail.aspx?req=260103&sreq=1&form=GEN&desc=RECEPTIONIST%20-%20SENIOR%20CENTER,2026-08-03,12/31/9999,City of Alamogordo,$14.21/hr and up,INTERNAL & EXTERNAL,,"Alamogordo, NM, USA",Alamogordo,NM,USA,Tyler Technologies - Munis Self Service (ESS)
260104-1,STREET MAINTENANCE LABORER II,"POSITION SUMMARY
Under general supervision, performs daily work assignments for the Street Maintenance Division of the Public Works Department, in accordance with the Employee Manual, Department Policies and Procedures, City of Alamogordo Ordinances, and any applicable State or Federal authority.

ADVANCEMENT OPPORTUNITIES
With a supervisory endorsement, and Department Director approval, a Street Maintenance Laborer II who meets the required qualifications of a Street Maintenance Worker is eligible for automatic promotion to Street Maintenance Worker pursuant to the City of Alamogordos Public Works Succession Plan.

RECRUITMENT QUALIFICATIONS
Required:
	High School Diploma or GED equivalent;
	Experience working in a construction and/or maintenance environment;
	Valid New Mexico Drivers License with a driving record acceptable to the City of Alamogordo (valid out-of-state license may be considered acceptable until NM CDL is obtained); 
	Or any equivalent combination of education, experience, and training which provide the required knowledge, skills, and abilities.

Required within six (6) months of hire date:
	Valid New Mexico Class A Commercial Drivers License with (N) endorsement and a driving record acceptable to the City of Alamogordo; and
	OSHA-compliant Flagger certification.

Desired:
	Concrete and/or asphalt experience; and
	Experience with street maintenance, signage, and striping.

PRIMARY DUTIES AND RESPONSIBILITIES
Essential Duties
	Performs duties safely by following industry standards and properly using personal protective equipment (PPE);
	Performs various tasks related to paving, concrete, street signs, street sweeping, and alley maintenance, as assigned, including but not limited to clearing debris from work areas, shoveling, grading, sweeping, patching, painting, and weed eating;
	Safely uses and operates various construction and maintenance equipment and tools such as service trucks and water trucks, light equipment, cutting and breaking equipment, jack hammer, tamper, weed eater, pothole patcher, sand blaster, and a full range of hand and power tools;
	With use of proper tools, assists in excavation and the removal and disposal of asphalt, road base, sidewalks, curbs, driveways, alley aprons, and collars to complete assigned projects;
	Correctly and safely assists in the loading, unloading, securing, and transporting various types of equipment and supplies to and from work sites;
	Assists in traffic control on work sites, as assigned;
	Performs general equipment maintenance by routinely checking oil, water, fuel, tires, and hydraulic system on vehicles and equipment and make appropriate adjustments to ensure vehicles are in proper and safe operating condition;
	Ensures work areas and vehicles are organized and clean;
	Contributes to a safe and high-quality work culture through participation in training and mentoring to develop skills, including safety related training and skills;
	Interacts professionally and provides excellent customer service to all levels of City staff and citizens, to ensure high operational and service standards; and
	Performs duties in accordance with the Employee Manual, Department Policies and Procedures, City of Alamogordo Ordinances, and any applicable State or Federal authority.
Paving
	Assists with maintenance and repairs of roads, including hand grading, filling of holes, and cleaning of dips and ditches;
	Assists in road base preparation and sub-grading tasks related to paving;
	Obtains and distributes asphalt, seal coat, and oil to prepared road bases;
	Assists in patch sealing, including pothole repair, reconstruction of road shoulders, and crack sealing;
	Assists in patching potholes by removing loose material, filling with base material and premix, and tamping asphalt;
	Assist with asphalt paving/patching, including transporting, dumping, spreading, raking, and rolling;
	Digs out driveways, sidewalks, curbs, and asphalt; and
	Performs simple tasks associated with bridge construction and repair.
Concrete
	Assists with construction, repair, and maintenance of driveways, sidewalks, and curbs;
	Assists with concrete work, including setting forms, mixing, pouring, and finishing;
	Digs out driveways, sidewalks, and curbs; and
	Performs tasks associated with bridge construction and repair.
Streets
	Installs, repairs and replaces street signs in accordance with M.U.T.C.D. standards; 
	Paints street and parking lot lines;
	Installs street marking tapes and reflectors; and
	Maintains cleanliness of streets and gutters using street sweeping equipment.
Alleys
	Performs maintenance of City alleyways including grading, filling of holes, and cleaning of dips and ditches.

OTHER IMPORTANT DUTIES
	Must obtain and maintain required license(s) and/or certification(s);
	Upon completion of initial probationary period, required to perform on-call rotation duties outside of normal work hours including evenings, weekends, and holidays;
	Occasional non-traditional work hours may be necessary during evenings, weekends, and on holidays for emergency calls;
	Maintains the confidentiality of information obtained during performance of duties; and
	Performs such other duties as may be assigned.

The duties listed above are intended only as illustrations of the various types of work that may be performed.  The omission of specific statements of duties does not exclude them from the position if the work is similar, related or a logical assignment to the position.",https://cityofalamogordonm.munisselfservice.com/ess/EmploymentOpportunities/JobDetail.aspx?req=260104&sreq=1&form=GEN&desc=STREET%20MAINTENANCE%20LABORER%20II,2026-08-07,08/21/2026,City of Alamogordo,$16.22/hr and up,INTERNAL & EXTERNAL,,"Alamogordo, NM, USA",Alamogordo,NM,USA,Tyler Technologies - Munis Self Service (ESS)
260106-1,STREET MAINTENANCE TECHNICIAN,"POSITION SUMMARY
Under general supervision, performs daily work assignments for the Street Maintenance Division of the Public Works Department, in accordance with the Employee Manual, Department Policies and Procedures, City of Alamogordo Ordinances, and any applicable State or Federal authority.

ADVANCEMENT OPPORTUNITIES
With supervisory endorsement, and Department Director approval, a Street Maintenance Technician who meets the required qualifications of a Street Maintenance Journeyman is eligible for automatic promotion to Street Maintenance Journeyman pursuant to the City of Alamogordos Public Works Succession Plan.

RECRUITMENT QUALIFICATIONS
Required at the time of hire:
	High School Diploma or GED equivalent;
	Two (2) years of industry experience in concrete/asphalt work or street maintenance, signage, striping;
	Traffic Control Technician (TCT) certification;
	Valid New Mexico Class A Commercial Drivers License with a minimum endorsement of (N) and a driving record acceptable to the City of Alamogordo;
	Or any equivalent combination of education, experience, and training which provide the required knowledge, skills, and abilities.

Required within twenty-four (24) months of assuming a Street Maintenance Technician position:
	Traffic Control Supervisor (TCS) certification; and
	Successful completion of NM811 Excavation Law Class.

Desired:
	Pavement Marking Technician (PMT) certification

PRIMARY DUTIES AND RESPONSIBILITIES
Essential Duties
	Responsible for proper traffic control compliance using the Manual of Uniform Traffic Control Devices (M.U.T.C.D.) standards that ensures employee safety with equal considerations for public safety and convenience;
	Performs duties safely by following industry safety standards for, and PPE including hearing and eye protection;
	With use of proper tools and equipment, excavates and removes, hauls, and disposes of asphalt, road base, sidewalks, curbs, driveways, alley aprons, and collars to complete assigned projects;
	Safely excavates, backfills, and tamps holes and trenches to grade using hand and power tools, and heavy equipment;
	Correctly and safely loads and unloads, ties down, and transports various types of equipment and supplies to and from work sites;
	Uses and operates various construction and maintenance equipment and tools such as trucks, light and heavy equipment, cutting and breaking equipment, jack hammer, tamper, and a full range of hand and power tools;
	Performs general equipment maintenance by routinely checking oil, water, fuel, tires, and hydraulic system on vehicles and equipment and makes appropriate adjustments to ensure vehicles are in proper and safe operating condition;
	Operates various equipment including but not limited to roller (rubber tire, steel wheel), backhoe, loader, forklift, motor graders, bulldozer, rotary broom, dump truck, water truck,  pickup truck,  pothole patcher, oil and asphalt distributors, paving machine, curb cutter, bobcat, street sweeper, and sand blasting unit;
	Loads materials onto trucks using front-end loaders;
	Ensures work areas and vehicles are organized and clean;
	Contributes to a safe and high-quality work culture through participation in training and mentoring to develop skills, including safety related training and skills;
	Interacts professionally and provides excellent customer service to all levels of City staff and citizens, to ensure high operational and service standards; and
	Performs duties in accordance with the Employee Manual, Department Policies and Procedures, City of Alamogordo Ordinances, and any applicable State or Federal authority.
Paving
	Performs maintenance and repairs of roads including grading, filling of holes, and cleaning of dips and ditches;
	Assists in road base preparation and sub-grading tasks related to paving;
	Obtains and distributes asphalt, seal coat, and oil to prepared road bases; 
	Assists in patch sealing, including pothole repair, reconstruction of road shoulders, and crack sealing;
	Assists in patching potholes by removing loose material, filling with base material and premix, and tamping asphalt;
	Assists with asphalt paving/patching including transporting, dumping, spreading, raking and rolling;
	Digs out driveways, sidewalks, curbs, and asphalt; and
	Performs tasks associated with bridge construction and repair.
Concrete
	Performs construction, repair, and maintenance of driveways, sidewalks, and curbs;
	Performs concrete work, including setting forms, mixing, pouring, and finishing;
	Digs out driveways, sidewalks, and curbs; and
	Performs tasks associated with bridge construction and repair.
Streets
	Installs, repairs, and replaces street signs in accordance with M.U.T.C.D. standards; 
	Paints street and parking lot lines;
	Installs street marking tapes and reflectors; and
	Maintains cleanliness of streets and gutters using street sweeping equipment.
Alleys
	Performs maintenance of City alleyways including grading, filling of holes, and cleaning of dips and ditches.

OTHER IMPORTANT DUTIES
	Provides on-the-job training to less experienced personnel, as assigned;
	Must obtain and maintain required license(s) and/or certification(s);
	Required to perform on-call rotation duties outside of normal work hours including evenings, weekends, and holidays;
	Occasional non-traditional work hours may be necessary during evenings, weekends, and on holidays for emergency calls;
	Maintains the confidentiality of information obtained during performance of duties; and
	Performs such other duties as may be assigned.

The duties listed above are intended only as illustrations of the various types of work that may be performed.  The omission of specific statements of duties does not exclude them from the position if the work is similar, related or a logical assignment to the position.",https://cityofalamogordonm.munisselfservice.com/ess/EmploymentOpportunities/JobDetail.aspx?req=260106&sreq=1&form=GEN&desc=STREET%20MAINTENANCE%20TECHNICIAN,2026-08-07,08/21/2026,City of Alamogordo,$18.51/hr and up,INTERNAL & EXTERNAL,,"Alamogordo, NM, USA",Alamogordo,NM,USA,Tyler Technologies - Munis Self Service (ESS)
260107-1,STREET MAINTENANCE WORKER,"POSITION SUMMARY
Under general supervision, performs daily work assignments for the Street Maintenance Division of the Public Works Department, in accordance with the Employee Manual, Department Policies and Procedures, City of Alamogordo Ordinances, and any applicable State or Federal authority.

ADVANCEMENT OPPORTUNITIES
With supervisory endorsement, and Department Director approval, a Street Maintenance Worker who meets the required qualifications of a Street Maintenance Technician is eligible for automatic promotion to Street Maintenance Technician pursuant to the City of Alamogordos Public Works Succession Plan.

RECRUITMENT QUALIFICATIONS
Required:
	High School Diploma or GED equivalent;
	One (1) year of industry experience in concrete/asphalt work or street maintenance, signage, striping;
	Valid New Mexico Class A Commercial Drivers License with a minimum endorsement of (N) and a driving record acceptable to the City of Alamogordo;
	Or any equivalent combination of education, experience, and training which provide the required knowledge, skills, and abilities.

Required within six (6) months:
	OSHA-compliant Flagger certification.

Required within twenty-four (24) months of assuming a Street Maintenance Worker position:
	Traffic Control Technician (TCT) certification.

PRIMARY DUTIES AND RESPONSIBILITIES
Essential Duties
	Performs duties safely by following industry safety standards for shoring, trenching, confined spaces, lock out tag out, and PPE including hearing and eye protection;
	With proper tools and equipment, excavates and removes, hauls, and disposes of asphalt, road base, sidewalks, curbs, driveways, alley aprons, and collars to complete assigned projects;
	Safely excavates, backfills, and tamps holes and trenches to grade using hand and power tools, and heavy equipment;
	Correctly and safely loads and unloads, ties down, and transports various types of equipment and supplies to and from work sites;
	Uses and operates various construction and maintenance equipment and tools such as trucks, light and heavy equipment, cutting and breaking equipment, jack hammer, tamper, and a full range of hand and power tools;
	Assists in traffic control on work sites, as assigned;
	Performs general equipment maintenance by routinely checking oil, water, fuel, tires, and hydraulic system on vehicles and equipment and makes appropriate adjustments to ensure vehicles are in proper and safe operating condition;
	Operates various equipment including but not limited to roller (rubber tire, steel wheel), backhoe, loader, motor graders, bulldozer, rotary broom, dump truck, water truck,  pickup truck,  pothole patcher, oil and asphalt distributors, paving machine, curb cutter, bobcat, street sweeper, and sand blasting unit;
	Loads materials onto trucks using front-end loaders;
	Ensures work areas and vehicles are organized and clean;
	Contributes to a safe and high-quality work culture through participation in training and mentoring to develop skills, including safety related training and skills;
	Interacts professionally and provides excellent customer service to all levels of City staff and citizens, to ensure high operational and service standards; and
	Performs duties in accordance with the Employee Manual, Department Policies and Procedures, City of Alamogordo Ordinances, and any applicable State or Federal authority.
Paving
	Performs maintenance and repairs of roads including grading, filling of holes, and cleaning of dips and ditches;
	Assists in road base preparation and sub-grading tasks related to paving;
	Obtains and distributes asphalt, seal coat, and oil to prepared road bases; 
	Assists in patch sealing, including pothole repair, reconstruction of road shoulders, and crack sealing;
	Assists in patching potholes by removing loose material, filling with base material and premix, and tamping asphalt;
	Assists with asphalt paving/patching including transporting, dumping, spreading, raking, and rolling;
	Digs out driveways, sidewalks, curbs, and asphalt; and
	Performs tasks associated with bridge construction and repair.
Concrete
	Assists with construction, repair, and maintenance of driveways, sidewalks, and curbs;
	Assists with concrete work, including setting forms, mixing, pouring, and finishing;
	Digs out driveways, sidewalks, and curbs; and
	Performs tasks associated with bridge construction and repair.
Streets
	Installs, repairs and replaces street signs in accordance with M.U.T.C.D. standards; 
	Paints street and parking lot lines;
	Installs street marking tapes and reflectors; and
	Maintains cleanliness of streets and gutters using street sweeping equipment.
Alleys
	Performs maintenance of City alleyways including grading, filling of holes, and cleaning of dips and ditches.

OTHER IMPORTANT DUTIES
	Must obtain and maintain required license(s) and/or certification(s);
	Required to perform on-call rotation duties outside of normal work hours including evenings, weekends, and holidays;
	Occasional non-traditional work hours may be necessary during evenings, weekends, and on holidays for emergency calls;
	Maintains the confidentiality of information obtained during performance of duties; and
	Performs such other duties as may be assigned.

The duties listed above are intended only as illustrations of the various types of work that may be performed.  The omission of specific statements of duties does not exclude them from the position if the work is similar, related or a logical assignment to the position.",https://cityofalamogordonm.munisselfservice.com/ess/EmploymentOpportunities/JobDetail.aspx?req=260107&sreq=1&form=GEN&desc=STREET%20MAINTENANCE%20WORKER,2026-08-07,08/21/2026,City of Alamogordo,$16.95/hr and up,INTERNAL & EXTERNAL,,"Alamogordo, NM, USA",Alamogordo,NM,USA,Tyler Technologies - Munis Self Service (ESS)
260108-1,STREET MAINTENANCE JOURNEYMAN,"POSITION SUMMARY
Under general supervision, performs daily work assignments for the Street Maintenance Division of the Public Works Department, in accordance with the Employee Manual, Department Policies and Procedures, City of Alamogordo Ordinances, and any applicable State or Federal authority.

RECRUITMENT QUALIFICATIONS
Required at the time of hire:
	High School Diploma or GED equivalent;
	Three (3) years of industry experience in concrete/asphalt work or street maintenance, signage, striping;
	Traffic Control Supervisor (TCS) certification;
	Successful completion of NM811 Excavation Law Class;
	Valid New Mexico Class A Commercial Drivers License with a minimum endorsement of (N) and a driving record acceptable to the City of Alamogordo;
	Or any equivalent combination of education, experience, and training which provide the required knowledge, skills, and abilities.

Required within twenty-four (24) months of assuming a Street Maintenance Journeyman position:
	Pavement Marking Technician (PMT) certification or equivalent.

Desired:
	One (1) year of experience providing training and direction to less experienced personnel.

PRIMARY DUTIES AND RESPONSIBILITIES
Essential Duties
	Responsible for proper traffic control compliance using the Manual of Uniform Traffic Control Devices (M.U.T.C.D.) standards that ensures employee safety with equal considerations for public safety and convenience;
	Performs duties safely by following industry safety standards for, and PPE including hearing and eye protection;
	With use of proper tools and equipment, excavates and removes, hauls, and disposes of asphalt, road base, sidewalks, curbs, driveways, alley aprons, and collars to complete assigned projects;
	Safely excavates, backfills, and tamps holes and trenches to grade using hand and power tools, and heavy equipment;
	Correctly and safely loads and unloads, ties down, and transports various types of equipment and supplies to and from work sites;
	Uses and operates various construction and maintenance equipment and tools such as trucks, light and heavy equipment, cutting and breaking equipment, jack hammer, tamper, and a full range of hand and power tools;
	Performs general equipment maintenance by routinely checking oil, water, fuel, tires, and hydraulic system on vehicles and equipment and makes appropriate adjustments to ensure vehicles are in proper and safe operating condition;
	Operates various equipment including but not limited to roller (rubber tire, steel wheel), backhoe, loader, forklift, motor graders, bulldozer, rotary broom, dump truck, water truck,  pickup truck,  pothole patcher, oil and asphalt distributors, paving machine, curb cutter, bobcat, street sweeper, and sand blasting unit;
	Loads materials onto trucks using front-end loaders;
	Fills out and supervises the proper filling out of required work orders;
	Ensures work areas and vehicles are organized and clean;
	Contributes to a safe and high-quality work culture through participation in training and mentoring to develop skills, including safety related training and skills;
	Interacts professionally and provides excellent customer service to all levels of City staff and citizens, to ensure high operational and service standards; and
	Performs duties in accordance with the Employee Manual, Department Policies and Procedures, City of Alamogordo Ordinances, and any applicable State or Federal authority.
Paving
	Performs maintenance and repairs of roads including grading, filling of holes, and cleaning of dips and ditches;
	Assists in road base preparation and sub-grading tasks related to paving;
	Obtains and distributes asphalt, seal coat, and oil to prepared road bases; 
	Assists in patch sealing, including pothole repair, reconstruction of road shoulders, and crack sealing;
	Assists in patching potholes by removing loose material, filling with base material and premix, and tamping asphalt;
	Assists with asphalt paving/patching including transporting, dumping, spreading, raking, and rolling;
	Digs out driveways, sidewalks, curbs, and asphalt; and
	Performs tasks associated with bridge construction and repair.
Concrete
	Performs construction, repair, and maintenance of driveways, sidewalks, and curbs;
	Performs concrete work, including setting forms, mixing, pouring, and finishing;
	Digs out driveways, sidewalks, and curbs; and
	Performs tasks associated with bridge construction and repair.
Streets
	Installs, repairs, and replaces street signs in accordance with M.U.T.C.D. standards; 
	Paints street and parking lot lines;
	Installs street marking tapes and reflectors; and
	Maintains cleanliness of streets and gutters using street sweeping equipment.
Alleys
	Performs maintenance of City alleyways including grading, filling of holes, and cleaning of dips and ditches.

OTHER IMPORTANT DUTIES
	Provides on-the-job training to less experienced personnel, as assigned;
	Must obtain and maintain required license(s) and/or certification(s);
	Required to perform on-call rotation duties outside of normal work hours including evenings, weekends, and holidays;
	Occasional non-traditional work hours may be necessary during evenings, weekends, and on holidays for emergency calls;
	Will work closely with less experienced personnel to provide training and direction and coordinate workflow to complete tasks;
	Maintains the confidentiality of information obtained during performance of duties; and
	Performs such other duties as may be assigned.

The duties listed above are intended only as illustrations of the various types of work that may be performed.  The omission of specific statements of duties does not exclude them from the position if the work is similar, related or a logical assignment to the position.",https://cityofalamogordonm.munisselfservice.com/ess/EmploymentOpportunities/JobDetail.aspx?req=260108&sreq=1&form=GEN&desc=STREET%20MAINTENANCE%20JOURNEYMAN,2026-08-07,08/21/2026,City of Alamogordo,$20.21/hr and up,INTERNAL & EXTERNAL,,"Alamogordo, NM, USA",Alamogordo,NM,USA,Tyler Technologies - Munis Self Service (ESS)
260111-1,WATER PRODUCTION OPERATOR I,"POSITION SUMMARY
Under general supervision, performs daily work assignments for the Water Production Division of the Utilities Department in accordance with the Employee Manual, Department Policies and Procedures, City of Alamogordo Ordinances, and any applicable State or Federal authority.

ADVANCEMENT OPPORTUNITIES
With a supervisory endorsement and Department Director approval, Water Production Operator I employees who have met the required qualifications for a Water Production Operator II position are eligible for automatic promotion to the Water Production Operator II position pursuant to the City of Alamogordos Utilities Department Certified Operator Pay Plan Policy.

RECRUITMENT QUALIFICATIONS
Required at the time of hire:
	High School Diploma or GED equivalent;
	Valid Water Supply Level 1 (WS1) certification* issued by the New Mexico Water Quality Control Commission; and 
	Valid New Mexico Drivers License with a driving record acceptable to the City of Alamogordo (valid out-of-state license may be considered acceptable until NM CDL is obtained).

Required within sixty (60) days:
	Successful completion of NM811 training (Excavation Law Class).

Required within six (6) months:
	Valid New Mexico Class A Commercial Drivers License with Tank (N) endorsement and a driving record acceptable to the City of Alamogordo. Skills testing shall be performed in a commercial vehicle equipped with a manual transmission. Drivers shall be granted a period of six (6) months to upgrade and remove an automatic transmission (E) restriction if one exists; and
	OSHA-compliant Flagger certification.

Required within twenty-four (24) months of hire date:
	Water Supply Level 2 (WS2) certification* issued by the New Mexico Water Quality Control Commission.

* The NMED Utility Operator Certification Program determines minimum qualifications for a WS1 and WS2 certification. Testing eligibility and renewal requirements are subject to change in accordance with the Program.

PRIMARY DUTIES AND RESPONSIBILITIES
Essential Duties
	Monitors, operates, and adjusts controls at a water treatment plant, pumping plants, wells, and reservoir facilities;
	Monitors, interprets, and adjusts computerized Supervisory Control and Data Acquisition (SCADA) controls;
	Regulates pressures and flow rates in accordance with demand, storage, and production from other sources;
	Participates in potable water production process controls, monitors equipment, and contributes to and maintains daily logs;
	Interprets all charts, trends, graphs, and test results;
	Reads, records, interprets, and acts on information taken from computers, gauges, dials, and other instruments;
	Controls the application of hazardous materials and chemicals associated with water treatment processes;
	Secures and transports hazardous chemicals to various facility locations and assists with the transport function by off-loading and loading hazardous chemicals for transport;
	Assists in the collection of various water samples for laboratory analysis and performs simple water quality analysis tests;
	Conducts operational inspections of potable water production equipment and facilities to locate and report needed repairs and maintenance;
	Inspects potable water production equipment and facilities to locate and report needed repairs and maintenance;
	Performs preventative maintenance; oils, greases, cleans, and otherwise service potable water production equipment; uses hand and power tools to remove, install, and make minor repairs, modifications, or additions to potable water production facilities;
	Receives supplies delivered and ensures that they are properly stored; reports need for materials to Foreman or designee;
	Performs general potable water production facility upkeep such as sweeping, mopping, cleaning, sanding, and painting; performs general groundskeeping and housekeeping as required;
	Initiates timely reports or notices if unusual or emergency situations occur;
	Reports and/or corrects unsafe working conditions;
	Assists in traffic control on worksites, as assigned;
	Responds to service complaints; informs the customer of necessary actions;
	May participate in guiding tours and explaining operations to visiting groups;
	Drives a City vehicle in the performance of duties;
	Contributes to a high-quality work culture through participation in training and mentoring to develop skills, including safety-related training and skills;
	Interacts professionally and provides excellent customer service to all levels of City staff and citizens to ensure high operational and service standards; and
	Performs duties in accordance with the Employee Manual, Department Policies and Procedures, City of Alamogordo Ordinances, and any applicable State or Federal authority.

OTHER IMPORTANT DUTIES
	Must obtain and maintain all licenses, certifications, and safety training necessary to safely perform assigned duties and comply with applicable laws, regulations, and department policies. This includes, but is not limited to, OSHA safety training, equipment operation certification, confined space entry, lockout/tagout, personal protective equipment (PPE) usage, and any job-specific compliance requirements;
	Required to perform on-call rotation duties outside of normal work hours, including evenings, weekends, and holidays;
	Non-traditional work hours are necessary during evenings, weekends, and holidays to prevent or reduce the disruption of water services to customers;
	Maintains the confidentiality of information obtained during the performance of duties; and
	Performs such other duties as may be assigned.

The duties listed above are intended only as illustrations of the various types of work that may be performed. The omission of specific statements of duties does not exclude them from the position if the work is similar, related, or a logical assignment to the position.",https://cityofalamogordonm.munisselfservice.com/ess/EmploymentOpportunities/JobDetail.aspx?req=260111&sreq=1&form=GEN&desc=WATER%20PRODUCTION%20OPERATOR%20I,2026-08-07,08/21/2026,City of Alamogordo,$23.00/hr and up,INTERNAL & EXTERNAL,,"Alamogordo, NM, USA",Alamogordo,NM,USA,Tyler Technologies - Munis Self Service (ESS)
260112-1,WATER PRODUCTION OPERATOR II,"POSITION SUMMARY
Under general supervision, performs daily work assignments for the Water Production Division of the Utilities Department in accordance with the Employee Manual, Department Policies and Procedures, City of Alamogordo Ordinances, and any applicable State or Federal authority.

ADVANCEMENT OPPORTUNITIES
With a supervisory endorsement and Department Director approval, Water Production Operator II employees who have met the required qualifications for a Water Production Operator III position are eligible for automatic promotion to the Water Production Operator III position pursuant to the City of Alamogordos Utilities Department Certified Operator Pay Plan Policy.

RECRUITMENT QUALIFICATIONS
Required at the time of hire:
	High School Diploma or GED equivalent;
	Current Water Supply Level 2 (WS2) certification* issued by the New Mexico Water Quality Control Commission; and 
	Valid New Mexico Drivers License with a driving record acceptable to the City of Alamogordo (valid out-of-state license may be considered acceptable until NM CDL is obtained).

Required within sixty (60) days:
	Successful completion of NM811 training (Excavation Law Class).

Required within six (6) months:
	Valid New Mexico Class A Commercial Drivers License with Tank (N) endorsement and a driving record acceptable to the City of Alamogordo. Skills testing shall be performed in a commercial vehicle equipped with a manual transmission. Drivers shall be granted a period of six (6) months to upgrade and remove an automatic transmission (E) restriction if one exists.

Required within twelve (12) months:
	Valid Traffic Control Technician (TCT) certification.

Required within thirty-six (36) months of hire date:
	Water Supply Level 3 (WS3) certification* issued by the New Mexico Water Quality Control Commission.

* The NMED Utility Operator Certification Program determines minimum qualifications for a WS2 and WS3 certification. Testing eligibility and renewal requirements are subject to change in accordance with the Program.

PRIMARY DUTIES AND RESPONSIBILITIES
Essential Duties
	Ensures that water operations comply with operating guidelines and that treated water is safe and acceptable entering the distribution system;
	Monitors, operates, maintains, troubleshoots, and adjusts potable water treatment process equipment, including pumps, motors, pressure-reducing valves, pressure-sustaining valves, pump control valves, water tanks, wells, chemical feed systems, and related plumbing components;
	Regulates pressures and flow rates in accordance with demand, storage, and production from other sources;
	Controls the application of hazardous materials and chemicals associated with water treatment processes;
	Assists with daily rounds of wells, booster stations, and reservoirs; measures and records flow, pressure, and chemical feed dosages; records gallons pumped and number of hours each system ran the previous day;
	Monitors, interprets, and adjusts computerized Supervisory Control and Data Acquisition (SCADA) controls;
	Reads, records, and interprets information taken from computers, gauges, dials, and other instruments; acts on the information as appropriate;
	Interprets all charts, trends, graphs, and test results;
	Runs routine laboratory tests to determine proper chemical treatment;
	Collects various water samples for laboratory analysis and performs simple water quality analysis tests;
	Collects water samples to monitor and analyze residuals for disinfection control when needed;
	Assists with the collection of all water compliance samples as required by the New Mexico Environment Department (NMED);
	Conducts water analysis tests to ensure safety and water quality by collecting representative water samples and testing for contaminants and properties associated with water treatment processes;
	Collects representative water samples to be used by other agencies for water analysis testing for regulation compliance;
	Installs, maintains, repairs, modifies, troubleshoots, and services potable water production operations machinery and equipment, including pumps, valves, motors, meters, tanks, reservoirs, feeders, and online analyzers; changes lubrications;
	Performs preventative maintenance; oils, greases, cleans, and otherwise services potable water production equipment; uses hand and power tools to remove, install, and make minor repairs, modifications, or additions to potable water production facilities;
	Maintains chemical feed pumps to ensure proper dosage of chemicals;
	Maintains and calibrates various electronic and mechanical equipment;
	Calibrates water process equipment;
	Inspects potable water production equipment and facilities to locate and report needed repairs and maintenance; reports and/or corrects unsafe working conditions;
	Ensures tools and equipment are properly maintained and meet any scheduled maintenance requirements;
	Maintains and updates accurate records for the treatment process and prepares logbook entries;
	Generates and reviews Standard Operating Procedures (SOPs) for troubleshooting, maintenance of equipment, and water treatment process;
	Becomes familiar with operation manuals such as maintenance, treatment, and safety;
	Secures and transports hazardous chemicals to various facility locations and assists with the transport function by off-loading and loading hazardous chemicals for transport;
	Responsible for proper traffic control compliance using the Manual of Uniform Traffic Control Devices (M.U.T.C.D.) standards to ensure employee safety with equal considerations for public safety and convenience;
	Performs general potable water production facility upkeep such as sweeping, mopping, cleaning, sanding, and painting; performs general groundskeeping and housekeeping as required;
	Operates a variety of heavy equipment, including backhoes, excavators, front-end loaders, bulldozers, dump trucks, and tractor-trailer combinations;
	Responds to customer complaints regarding water problems;
	Provides on-the-job training to less experienced employees as assigned; may be called upon to provide functional supervision on a project basis as needed;
	Participates in a variety of special projects, such as the construction of piping and structural systems related to water treatment processes and conveyance;
	Receives supplies delivered and ensures that they are properly stored; reports need for materials to supervisory staff;
	Guides and explains operations to visiting groups; 
	Assists other divisions during emergencies or as may be required to maintain quality service to customers;
	Drives a City vehicle in the performance of duties;
	Contributes to a high-quality work culture through participation in training and mentoring to develop skills, including safety-related training and skills;
	Interacts professionally and provides excellent customer service to all levels of City staff and citizens to ensure high operational and service standards; and
	Performs duties in accordance with the Employee Manual, Department Policies and Procedures, City of Alamogordo Ordinances, and any applicable State or Federal authority.

OTHER IMPORTANT DUTIES
	Must obtain and maintain all licenses, certifications, and safety training necessary to safely perform assigned duties and comply with applicable laws, regulations, and department policies. This includes, but is not limited to, OSHA safety training, equipment operation certification, confined space entry, lockout/tagout, personal protective equipment (PPE) usage, and any job-specific compliance requirements;
	Required to perform on-call rotation duties outside of normal work hours, including evenings, weekends, and holidays;
	Non-traditional work hours are necessary during evenings, weekends, and holidays to prevent or reduce the disruption of water services to customers;
	Maintains the confidentiality of information obtained during the performance of duties; and
	Performs such other duties as may be assigned.

The duties listed above are intended only as illustrations of the various types of work that may be performed. The omission of specific statements of duties does not exclude them from the position if the work is similar, related, or a logical assignment to the position.",https://cityofalamogordonm.munisselfservice.com/ess/EmploymentOpportunities/JobDetail.aspx?req=260112&sreq=1&form=GEN&desc=WATER%20PRODUCTION%20OPERATOR%20II,2026-08-07,08/21/2026,City of Alamogordo,$26.00/hr and up,INTERNAL & EXTERNAL,,"Alamogordo, NM, USA",Alamogordo,NM,USA,Tyler Technologies - Munis Self Service (ESS)
260113-1,WATER PRODUCTION OPERATOR III,"POSITION SUMMARY
Under general supervision, performs daily work assignments for the Water Production Division of the Utilities Department in accordance with the Employee Manual, Department Policies and Procedures, City of Alamogordo Ordinances, and any applicable State or Federal authority.

ADVANCEMENT OPPORTUNITIES
With a supervisory endorsement and Department Director approval, Water Production Operator III employees who have met the required qualifications for a Water Production Journeyman Operator position are eligible for automatic promotion to the Water Production Journeyman Operator position pursuant to the City of Alamogordos Utilities Department Certified Operator Pay Plan Policy.

RECRUITMENT QUALIFICATIONS
Required at the time of hire:
	High School Diploma or GED equivalent;
	Current Water Supply Level 3 (WS3) certification* issued by the New Mexico Water Quality Control Commission; and 
	Valid New Mexico Drivers License with a driving record acceptable to the City of Alamogordo (valid out-of-state license may be considered acceptable until NM CDL is obtained).

Required within sixty (60) days:
	Successful completion of NM811 training (Excavation Law Class).

Required within six (6) months:
	Valid New Mexico Class A Commercial Drivers License with Tank (N) endorsement and a driving record acceptable to the City of Alamogordo. Skills testing shall be performed in a commercial vehicle equipped with a manual transmission. Drivers shall be granted a period of six (6) months to upgrade and remove an automatic transmission (E) restriction if one exists.

Required within twelve (12) months:
	Valid Traffic Control Technician (TCT) certification.
Required within twenty-four (24) months of hire date:
	Water Supply Level 4 (WS4) certification* issued by the New Mexico Water Quality Control Commission.

* The NMED Utility Operator Certification Program determines minimum qualifications for a WS3 and WS4 certification. Testing eligibility and renewal requirements are subject to change in accordance with the Program.

PRIMARY DUTIES AND RESPONSIBILITIES
Essential Duties
	Understands water treatment theory/technology and applies that knowledge to the water treatment process;
	Ensures that water operations comply with operating guidelines and that treated water is safe and acceptable entering the distribution system;
	Monitors, operates, maintains, troubleshoots, and adjusts potable water treatment process equipment, including pumps, motors, pressure-reducing valves, pressure-sustaining valves, pump control valves, water tanks, wells, chemical feed systems, and related plumbing components;
	Regulates pressures and flow rates in accordance with demand, storage, and production from other sources;
	Controls the application of hazardous materials and chemicals associated with water treatment processes;
	Runs routine laboratory tests to determine proper chemical treatment;
	Collects various water samples for laboratory analysis and performs simple water quality analysis tests;
	Collects water samples to monitor and analyze residuals for disinfection control when needed;
	Assists with the collection of all water compliance samples as required by the New Mexico Environment Department (NMED);
	Conducts water analysis tests to ensure safety and water quality by collecting representative water samples and testing for contaminants and properties associated with water treatment processes;
	Collects representative water samples to be used by other agencies for water analysis testing for regulation compliance;
	Calibrates water process equipment;
	Maintains chemical feed pumps to ensure proper dosage of chemicals;
	Maintains and calibrates various electronic and mechanical equipment;
	Monitors, interprets, and adjusts computerized Supervisory Control and Data Acquisition (SCADA) controls;
	Interprets all charts, trends, graphs, and test results;
	Reads, records, and interprets information taken from computers, gauges, dials, and other instruments; acts on the information as appropriate;
	Installs, maintains, repairs, modifies, troubleshoots, and services potable water production operations machinery and equipment, including pumps, valves, motors, meters, tanks, reservoirs, feeders, and online analyzers; changes lubrications;
	Performs preventative maintenance; oils, greases, cleans, and otherwise services potable water production equipment; uses hand and power tools to remove, install, and make minor repairs, modifications, or additions to potable water production facilities;
	Checks, repairs, and performs preventative maintenance on pressure reducing/presser sustaining valves;
	Ensures tools and equipment are properly maintained and meet any scheduled maintenance requirements;
	Inspects potable water production equipment and facilities to locate and report needed repairs and maintenance; reports and/or corrects unsafe working conditions;
	Performs general potable water production facility upkeep such as sweeping, mopping, cleaning, sanding, and painting; performs general groundskeeping and housekeeping as required;
	Maintains and updates accurate records for the treatment process and prepares logbook entries;
	Becomes familiar with operation manuals such as maintenance, treatment, and safety;
	Generates and reviews Standard Operating Procedures (SOPs) for troubleshooting, maintenance of equipment, and water treatment process;
	Responsible for proper traffic control compliance using the Manual of Uniform Traffic Control Devices (M.U.T.C.D.) standards to ensure employee safety with equal considerations for public safety and convenience;
	Secures and transports hazardous chemicals to various facility locations and assists with the transport function by off-loading and loading hazardous chemicals for transport;
	Participates in a variety of special projects, such as the construction of piping and structural systems related to water treatment processes and conveyance;
	Operates a variety of heavy equipment, including backhoes, excavators, front-end loaders, bulldozers, dump trucks, and tractor-trailer combinations;
	Responds to customer complaints regarding water problems;
	Assists with daily rounds of wells, booster stations, and reservoirs; measures and records flow, pressure, and chemical feed dosages; records gallons pumped and number of hours each system ran the previous day;
	Receives supplies delivered and ensures that they are properly stored; reports need for materials to supervisory staff;
	Assists in the development and implementation of appropriate operator training programs and conducts classes to improve operator knowledge, skills, and abilities;
	Provides on-the-job training to less experienced employees as assigned; may be called upon to provide functional supervision on a project basis as needed;
	Guides and explains operations to visiting groups; 
	Assists other divisions during emergencies or as may be required to maintain quality service to customers;
	Drives a City vehicle in the performance of duties;
	Contributes to a high-quality work culture through participation in training and mentoring to develop skills, including safety-related training and skills;
	Interacts professionally and provides excellent customer service to all levels of City staff and citizens to ensure high operational and service standards; and
	Performs duties in accordance with the Employee Manual, Department Policies and Procedures, City of Alamogordo Ordinances, and any applicable State or Federal authority.

OTHER IMPORTANT DUTIES
	Must obtain and maintain all licenses, certifications, and safety training necessary to safely perform assigned duties and comply with applicable laws, regulations, and department policies. This includes, but is not limited to, OSHA safety training, equipment operation certification, confined space entry, lockout/tagout, personal protective equipment (PPE) usage, and any job-specific compliance requirements;
	Provides on-the-job training to less experienced personnel as assigned;
	May be called upon to provide functional oversight at worksites;
	Required to perform on-call rotation duties outside of normal work hours, including evenings, weekends, and holidays;
	Non-traditional work hours are necessary during evenings, weekends, and holidays to prevent or reduce the disruption of water services to customers;
	Maintains the confidentiality of information obtained during the performance of duties; and
	Performs such other duties as may be assigned.

The duties listed above are intended only as illustrations of the various types of work that may be performed. The omission of specific statements of duties does not exclude them from the position if the work is similar, related, or a logical assignment to the position.",https://cityofalamogordonm.munisselfservice.com/ess/EmploymentOpportunities/JobDetail.aspx?req=260113&sreq=1&form=GEN&desc=WATER%20PRODUCTION%20OPERATOR%20III,2026-08-07,08/21/2026,City of Alamogordo,$30.00/hr and up,INTERNAL & EXTERNAL,,"Alamogordo, NM, USA",Alamogordo,NM,USA,Tyler Technologies - Munis Self Service (ESS)
260114-1,UTILITY MAINTENANCE OPERATOR TRAINEE,"POSITION SUMMARY
Under general supervision, performs daily work assignments for the Utility Maintenance Division of the Utilities Department in accordance with the Employee Manual, Department Policies and Procedures, City of Alamogordo Ordinances, and any applicable State or Federal authority

ADVANCEMENT OPPORTUNITIES
With a supervisory endorsement and Department Director approval, a Utility Maintenance Operator Trainee who meets the required qualifications of a Utility Maintenance Operator I is eligible for automatic promotion to Utility Maintenance Operator I pursuant to the City of Alamogordos Utilities Department Certified Operator Pay Plan Policy.

RECRUITMENT QUALIFICATIONS
Required:
	High School Diploma or GED;
	Experience working in a construction and/or maintenance environment; and
	Valid New Mexico Drivers License with a driving record acceptable to the City of Alamogordo (valid out-of-state license may be considered acceptable until NM CDL is obtained).

Required within sixty (60) days:
	Successful completion of NM811 training (Excavation Law Class).

Required within six (6) months:
	OSHA-compliant Flagger certification; and
	Valid New Mexico Class A Commercial Drivers License with Tank (N) endorsement and a driving record acceptable to the City of Alamogordo. Skills testing shall be performed in a commercial vehicle equipped with a manual transmission. Drivers shall be granted a period of six (6) months to upgrade and remove an automatic transmission (E) restriction if one exists.

Required within twenty-four (24) months of hire date:
	Distribution Systems 1 (DS1) and Collection Systems 1 (CS1) certifications* issued by the New Mexico Water Quality Control Commission.

* Acceptable substitutions for DS1 and CS1 are Water Supply Level 1 (WS1) and Wastewater Level 1 (WW1) certifications, respectively, issued by the New Mexico Water Quality Control Commission. The NMED Utility Operator Certification Program determines minimum qualifications for certifications. Testing eligibility and renewal requirements are subject to change pursuant to the Program.

PRIMARY DUTIES AND RESPONSIBILITIES
Essential Duties
	Assists with making repairs on water and sewer leaks, including digging holes and trenches, using a backhoe and other equipment, and placing necessary shoring;
	Assists with making water and sewer taps and setting meters for new customers;
	Assists with the installation and replacement of water and sewer mains, service lines, curb stops, valves, meters, and hydrants;
	Performs and assists with preventive and corrective maintenance on water and sewer lines, including unclogging lines, exercising and/or replacing valves, repairing pumps, entering confined spaces with supervision, and testing for low water pressure;
	Performs beginner-level work involving the construction, renovation, modification, and installation of water distribution and collection systems in accordance with the Federal Safe Drinking Water Act (PL93-523), New Mexico Environment Department Water Quality Bureau, and the City of Alamogordo Technical Standards;
	Performs construction site dress-ups by pouring fill material, tamping, and landscaping over the affected area;
	Assists the Public Works Department in repairing roads and sidewalks, including performing concrete work after completion of leak maintenance or tap installation and line repairs;
	Assists with raising low manhole covers and meter boxes up to grade;
	Helps to ensure that assigned truck has adequate supplies, hauls materials to worksites, and maintains truck in proper working condition; 
	Learns to safely operate light and heavy equipment;
	Ensures work areas and service trucks are organized and clean;
	Assists in traffic control on worksites, as assigned;
	Drives a City vehicle in the performance of duties;
	Contributes to a high-quality work culture through participation in training and mentoring to develop skills, including safety-related training and skills;
	Interacts professionally and provides excellent customer service to all levels of City staff and citizens to ensure high operational and service standards; and
	Performs duties in accordance with the Employee Manual, Department Policies and Procedures, City of Alamogordo Ordinances, and any applicable State or Federal authority.

OTHER IMPORTANT DUTIES
	Must obtain and maintain all licenses, certifications, and safety training necessary to safely perform assigned duties and comply with applicable laws, regulations, and department policies. This includes, but is not limited to, OSHA safety training, equipment operation certification, confined space entry, lockout/tagout, personal protective equipment (PPE) usage, and any job-specific compliance requirements;
	When job competency is determined, required to perform on-call rotation duties outside of normal work hours, including evenings, weekends, and holidays;
	Occasional travel may be required;
	Non-traditional work hours are necessary during evenings, weekends, and holidays to prevent or reduce the disruption of utility services to customers;
	Maintains the confidentiality of information obtained during the performance of duties; and
	Performs such other duties as may be assigned.

The duties listed above are intended only as illustrations of the various types of work that may be performed. The omission of specific statements of duties does not exclude them from the position if the work is similar, related, or a logical assignment to the position.",https://cityofalamogordonm.munisselfservice.com/ess/EmploymentOpportunities/JobDetail.aspx?req=260114&sreq=1&form=GEN&desc=UTILITY%20MAINTENANCE%20OPERATOR%20TRAINEE,2026-08-07,08/21/2026,City of Alamogordo,,INTERNAL & EXTERNAL,,"Alamogordo, NM, USA",Alamogordo,NM,USA,Tyler Technologies - Munis Self Service (ESS)
260115-1,UTILITY MAINTENANCE OPERATOR I,"POSITION SUMMARY
Under general supervision, performs daily work assignments for the Utility Maintenance Division of the Utilities Department in accordance with the Employee Manual, Department Policies and Procedures, City of Alamogordo Ordinances, and any applicable State or Federal authority

ADVANCEMENT OPPORTUNITIES
With a supervisory endorsement and Department Director approval, a Utility Maintenance Operator I who meets the required qualifications of a Utility Maintenance Operator II is eligible for automatic promotion to Utility Maintenance Operator II pursuant to the City of Alamogordos Utilities Department Certified Operator Pay Plan Policy.

RECRUITMENT QUALIFICATIONS
Required:
	High School Diploma or GED;
	Pay Grade DO1A: Valid Distribution Systems 1 (DS1) or Collection Systems 1 (CS1) certifications* issued by the New Mexico Water Quality Control Commission;
	Pay Grade DO1B: Valid Distribution Systems 1 (DS1) and Collection Systems 1 (CS1) certifications* issued by the New Mexico Water Quality Control Commission; and
	Valid New Mexico Drivers License with a driving record acceptable to the City of Alamogordo (valid out-of-state license may be considered acceptable until NM CDL is obtained).

Required within sixty (60) days:
	Successful completion of NM811 training (Excavation Law Class).

Required within six (6) months:
	OSHA-compliant Flagger certification; and
	Valid New Mexico Class A Commercial Drivers License with Tank (N) endorsement and a driving record acceptable to the City of Alamogordo. Skills testing shall be performed in a commercial vehicle equipped with a manual transmission. Drivers shall be granted a period of six (6) months to upgrade and remove an automatic transmission (E) restriction if one exists.

Required within twenty-four (24) months of assuming an Operator I position:
	Distribution Systems 2 (DS2) and Collection Systems 2 (CS2) certifications* issued by the New Mexico Water Quality Control Commission; and
	Traffic Control Supervisor (TCT) certification.

* Acceptable substitutions for DS1 and CS1 are Water Supply Level 1 (WS1) and Wastewater Level 1 (WW1) certifications, respectively, issued by the New Mexico Water Quality Control Commission. Acceptable substitutions for DS2 and CS2 are WS2 and WW2, respectively. Minimum qualifications for certifications are determined by the NMED Utility Operator Certification Program. Testing eligibility and renewal requirements are subject to change pursuant to the Program.

PRIMARY DUTIES AND RESPONSIBILITIES
Essential Duties
	Performs duties safely by following industry safety standards for shoring, trenching, confined spaces, lockout-tag out, and PPE, including hearing and eye protection;
	Locates water and sewer lines;
	Makes supervised repairs of water and sewer leaks, including digging holes and trenches, using a backhoe and other equipment, and placing necessary shoring;
	Makes supervised water and sewer taps and sets meters for new customers;
	Makes supervised installations and replacements of water and sewer mains, service lines, curb stops, valves, meters, and hydrants;
	With supervision, performs preventive and corrective maintenance on water and sewer lines, including unclogging lines, exercising and/or replacing valves, repairing pumps, entering confined spaces, and testing for low water pressure;
	Performs mid-level work involving the construction, renovation, modification, and installation of water distribution and collection systems in accordance with the Federal Safe Drinking Water Act (PL93-523), New Mexico Environment Department Water Quality Bureau, and the City of Alamogordo Technical Standards;
	Safely uses and operates various construction and maintenance equipment and tools such as trucks, light and heavy equipment, cutting and breaking equipment, jackhammers, tamper, and a full range of hand and power tools;
	Performs construction site dress-ups by pouring fill material, tamping, and landscaping over the affected area;
	Assists the Public Works Department in repairing roads and sidewalks, including performing concrete work after completion of leak maintenance or tap installation, and line repairs;
	Raises and lowers manhole covers and meter boxes up to grade and shoots grades on sewer lines to determine proper fall;
	Reads and maintains various flow meters, water interconnects, meters/gauges, and other electrical meters;
	Ensures that assigned truck has adequate supplies, hauls materials to worksites, and maintains truck in proper working condition; 
	Performs routine operator maintenance checks on equipment prior to operation;
	Correctly and safely loads and unloads, ties down, and transports various types of equipment and supplies to and from worksites;
	Ensures that work areas and service trucks are organized and clean; ensures that equipment is cleaned after use;
	Responsible for proper traffic control compliance using the Manual of Uniform Traffic Control Devices (M.U.T.C.D.) standards to ensure employee safety with equal considerations for public safety and convenience;
	Drives City vehicles in the performance of duties;
	Contributes to a high-quality work culture through participation in training and mentoring to develop skills, including safety-related training and skills;
	Interacts professionally and provides excellent customer service to all levels of City staff and citizens to ensure high operational and service standards; and
	Performs duties in accordance with the Employee Manual, Department Policies and Procedures, City of Alamogordo Ordinances, and any applicable State or Federal authority.

OTHER IMPORTANT DUTIES
	Must obtain and maintain all licenses, certifications, and safety training necessary to safely perform assigned duties and comply with applicable laws, regulations, and department policies. This includes, but is not limited to, OSHA safety training, equipment operation certification, confined space entry, lockout/tagout, personal protective equipment (PPE) usage, and any job-specific compliance requirements;
	Provides guidance to less experienced personnel as assigned;
	Required to perform on-call rotation duties outside of normal work hours, including evenings, weekends, and holidays;
	Occasional travel may be required;
	Non-traditional work hours are necessary during evenings, weekends, and holidays to prevent or reduce the disruption of utility services to customers;
	Maintains the confidentiality of information obtained during the performance of duties; and
	Performs such other duties as may be assigned.

The duties listed above are intended only as illustrations of the various types of work that may be performed. The omission of specific statements of duties does not exclude them from the position if the work is similar, related, or a logical assignment to the position.",https://cityofalamogordonm.munisselfservice.com/ess/EmploymentOpportunities/JobDetail.aspx?req=260115&sreq=1&form=GEN&desc=UTILITY%20MAINTENANCE%20OPERATOR%20I,2026-08-07,08/21/2026,City of Alamogordo,,INTERNAL & EXTERNAL,,"Alamogordo, NM, USA",Alamogordo,NM,USA,Tyler Technologies - Munis Self Service (ESS)
260116-1,UTILITY MAINTENANCE OPERATOR II,"POSITION SUMMARY
Under general supervision, performs daily work assignments for the Utility Maintenance Division of the Utilities Department in accordance with the Employee Manual, Department Policies and Procedures, City of Alamogordo Ordinances, and any applicable State or Federal authority

ADVANCEMENT OPPORTUNITIES
With a supervisory endorsement and Department Director approval, a Utility Maintenance Operator II who meets the required qualifications of a Utility Maintenance Journeyman Operator is eligible for automatic promotion to Utility Maintenance Journeyman Operator pursuant to the City of Alamogordos Utilities Department Certified Operator Pay Plan Policy.

RECRUITMENT QUALIFICATIONS
Required:
	High School Diploma or GED;
	Pay Grade DO2A: Valid Distribution Systems 2 (DS2) or Collection Systems 2 (CS2) certifications* issued by the New Mexico Water Quality Control Commission;
	Pay Grade DO2B: Valid Distribution Systems 2 (DS2) and Collection Systems 2 (CS2) certifications* issued by the New Mexico Water Quality Control Commission; and
	Valid New Mexico Drivers License with a driving record acceptable to the City of Alamogordo (valid out-of-state license may be considered acceptable until NM CDL is obtained).

Required within sixty (60) days:
	Successful completion of NM811 training (Excavation Law Class).

Required within six (6) months:
	Valid New Mexico Class A Commercial Drivers License with Tank (N) endorsement and a driving record acceptable to the City of Alamogordo. Skills testing shall be performed in a commercial vehicle equipped with a manual transmission. Drivers shall be granted a period of six (6) months to upgrade and remove an automatic transmission (E) restriction if one exists.

Required within eighteen (18) months of assuming an Operator II position:
	Distribution Systems 3 (DS3) certification* issued by the New Mexico Water Quality Control Commission; and
	Traffic Control Supervisor (TCS) certification.

* Acceptable substitutions for DS2 and CS2 are Water Supply Level 2 (WS2) and Wastewater Level 2 (WW2) certifications, respectively, issued by the New Mexico Water Quality Control Commission. An acceptable substitution for DS3 is WS3. Minimum qualifications for certifications are determined by the NMED Utility Operator Certification Program. Testing eligibility and renewal requirements are subject to change pursuant to the Program.

PRIMARY DUTIES AND RESPONSIBILITIES
Essential Duties
	Responsible for proper traffic control compliance using the Manual of Uniform Traffic Control Devices (M.U.T.C.D.) standards to ensure employee safety with equal considerations for public safety and convenience;
	Performs duties safely by following industry safety standards for shoring, trenching, confined spaces, lockout-tag out, and PPE, including hearing and eye protection;
	Locates water and sewer lines;
	Safely repairs water and sewer leaks, including digging holes and trenches, using a backhoe and other equipment, and placing necessary shoring;
	Safely repairs water and sewer taps and sets meters for new customers;
	Safely installs and replaces water and sewer mains, service lines, curb stops, valves, meters, and hydrants;
	Safely performs preventive and corrective maintenance on water and sewer lines, including unclogging lines, exercising and/or replacing valves, repairing pumps, entering confined spaces, and testing for low water pressure;
	Fills out required work orders;
	Calls in requests for line locates needed to perform work and responds to requests for line locates from other entities;
	Uses and operates various construction and maintenance equipment and tools such as trucks, light and heavy equipment, cutting and breaking equipment, jackhammer, tamper, and a full range of hand and power tools;
	Performs construction site dress-ups by pouring fill material, tamping, and landscaping over the affected area;
	May assist the Public Works Department in repairing roads and sidewalks, including performing concrete work after completion of leak maintenance or asphalt saw cuts;
	With the use of proper tools and equipment, excavates, removes, hauls, and disposes of asphalt, road base, sidewalks, curbs, driveways, alley aprons, and collars to complete assigned projects;
	Safely excavates, backfills, and tamps holes and trenches to grade using hand and power tools and heavy equipment;
	Performs complex work involving the construction, renovation, modification, and installation of water distribution and collection systems in accordance with the Federal Safe Drinking Water Act (PL93-523), New Mexico Environment Department Water Quality Bureau, and the City of Alamogordo Technical Standards;
	Performs complex work in the construction, renovation, modification, and installation of the Citys concrete structures, sidewalks, curb and gutter, aprons, collars, manholes, etc.;
	Applies fine concrete finishing methods, including floating, troweling, edging, and brushing, in accordance with specifications;
	Raises and lowers manhole covers and meter boxes up to grade and shoots grades on sewer lines to determine proper fall;
	Reads and maintains various flow meters, water interconnects, meters/gauges, and other electrical meters;
	Performs general equipment maintenance by routinely checking oil, water, fuel, tires, and hydraulic system on vehicles and equipment and makes appropriate adjustments to ensure vehicles and equipment are in proper and safe operating condition;
	Performs routine operator maintenance checks on equipment prior to operation;
	Correctly and safely loads and unloads, ties down, and transports various types of equipment and supplies to and from worksites;
	Ensures that work areas and service trucks are organized and clean; ensures that equipment is cleaned after use;
	Drives City vehicles in the performance of duties;
	Contributes to a high-quality work culture through participation in training and mentoring to develop skills, including safety-related training and skills;
	Interacts professionally and provides excellent customer service to all levels of City staff and citizens to ensure high operational and service standards; and
	Performs duties in accordance with the Employee Manual, Department Policies and Procedures, City of Alamogordo Ordinances, and any applicable State or Federal authority.

OTHER IMPORTANT DUTIES
	Must obtain and maintain all licenses, certifications, and safety training necessary to safely perform assigned duties and comply with applicable laws, regulations, and department policies. This includes, but is not limited to, OSHA safety training, equipment operation certification, confined space entry, lockout/tagout, personal protective equipment (PPE) usage, and any job-specific compliance requirements;
	Provides guidance to less experienced personnel as assigned;
	Required to perform on-call rotation duties outside of normal work hours, including evenings, weekends, and holidays;
	Occasional travel may be required;
	Non-traditional work hours are necessary during evenings, weekends, and holidays to prevent or reduce the disruption of utility services to customers;
	Maintains the confidentiality of information obtained during the performance of duties; and
	Performs such other duties as may be assigned.

The duties listed above are intended only as illustrations of the various types of work that may be performed. The omission of specific statements of duties does not exclude them from the position if the work is similar, related, or a logical assignment to the position.",https://cityofalamogordonm.munisselfservice.com/ess/EmploymentOpportunities/JobDetail.aspx?req=260116&sreq=1&form=GEN&desc=UTILITY%20MAINTENANCE%20OPERATOR%20II,2026-08-07,08/21/2026,City of Alamogordo,,INTERNAL & EXTERNAL,,"Alamogordo, NM, USA",Alamogordo,NM,USA,Tyler Technologies - Munis Self Service (ESS)
260117-1,UTILITY MAINTENANCE JOURNEYMAN OPERATOR,"POSITION SUMMARY
Under general supervision, performs daily work assignments for the Utility Maintenance Division of the Utilities Department in accordance with the Employee Manual, Department Policies and Procedures, City of Alamogordo Ordinances, and any applicable State or Federal authority.

RECRUITMENT QUALIFICATIONS
Required:
	High School Diploma or GED;
	Valid Distribution Systems 3 (DS3) and Collection Systems 2 (CS2) certifications* issued by the New Mexico Water Quality Control Commission; and
	Valid New Mexico Drivers License with a driving record acceptable to the City of Alamogordo (valid out-of-state license may be considered acceptable until NM CDL is obtained).

Required within sixty (60) days:
	Successful completion of NM811 training (Excavation Law Class).

Required within six (6) months:
	Valid New Mexico Class A Commercial Drivers License with Tank (N) endorsement and a driving record acceptable to the City of Alamogordo. Skills testing shall be performed in a commercial vehicle equipped with a manual transmission. Drivers shall be granted a period of six (6) months to upgrade and remove an automatic transmission (E) restriction if one exists; and
	Valid Traffic Control Supervisor (TCS) certification.

* Acceptable substitutions for DS3 and CS2 are Water Supply Level 3 (WS3) and Wastewater Level 2 (WW2) certifications, respectively, issued by the New Mexico Water Quality Control Commission. Minimum qualifications for certifications are determined by the NMED Utility Operator Certification Program. Testing eligibility and renewal requirements are subject to change pursuant to the Program.

PRIMARY DUTIES AND RESPONSIBILITIES
Essential Duties
	Responsible for proper traffic control compliance using the Manual of Uniform Traffic Control Devices (M.U.T.C.D.) standards to ensure employee safety with equal considerations for public safety and convenience;
	Performs duties safely by following industry safety standards for shoring, trenching, confined spaces, lockout-tag out, and PPE, including hearing and eye protection;
	Safely repairs water and sewer leaks, including digging holes and trenches, using a backhoe and other equipment, and placing necessary shoring;
	Safely repairs water and sewer taps and sets meters for new customers;
	Safely installs and replaces water and sewer mains, service lines, curb stops, valves, meters, and hydrants;
	Safely performs preventive and corrective maintenance on water and sewer lines, including unclogging lines, exercising and/or replacing valves, repairing pumps, entering confined spaces, and testing for low water pressure;
	Completes and turns in required work orders;
	Calls in requests for line locates needed to perform work and responds to requests for line locates from other entities;
	Uses and operates various construction and maintenance equipment and tools such as trucks, light and heavy equipment, cutting and breaking equipment, jackhammer, tamper, and a full range of hand and power tools;
	Performs construction site dress-ups by pouring fill material, tamping, and landscaping over the affected area;
	Assists the Public Works Department in repairing roads and sidewalks, including performing concrete work after completion of leak maintenance or tap installation and line repairs;
	With the use of proper tools and equipment, excavates, removes, hauls, and disposes of asphalt, road base, sidewalks, curbs, driveways, alley aprons, and collars to complete assigned projects;
	Safely excavates, backfills, and tamps holes and trenches to grade using hand and power tools and heavy equipment;
	Performs complex work involving the construction, renovation, modification, and installation of water distribution and collection systems in accordance with the Federal Safe Drinking Water Act (PL93-523), New Mexico Environment Department Water Quality Bureau, and the City of Alamogordo Technical Standards;
	Obtains required bacterial tests (Bac-T) on newly installed lines to assure compliance with regulatory standards;
	Performs complex work in the construction, renovation, modification, and installation of the Citys concrete structures, sidewalks, curb and gutter, aprons, collars, manholes, etc.;
	Performs complex construction and maintenance by building, setting, and aligning concrete forms;
	Applies fine concrete finishing methods, including floating, troweling, edging, and brushing, in accordance with specifications;
	Raises and lowers manhole covers and meter boxes up to grade and shoots grades on sewer lines to determine proper fall;
	Reads and maintains various flow meters, water interconnects, meters/gauges, and other electrical meters;
	Performs general equipment maintenance by routinely checking oil, water, fuel, tires, and hydraulic system on vehicles and equipment and makes appropriate adjustments to ensure vehicles and equipment are in proper and safe operating condition;
	Performs routine operator maintenance checks on equipment prior to operation;
	Correctly and safely loads and unloads, ties down, and transports various types of equipment and supplies to and from worksites;
	Ensures that work areas and service trucks are organized and clean; ensures that equipment is cleaned after use;
	Drives City vehicles in the performance of duties;
	Contributes to a high-quality work culture through participation in training and mentoring to develop skills, including safety-related training and skills;
	Interacts professionally and provides excellent customer service to all levels of City staff and citizens to ensure high operational and service standards; and
	Performs duties in accordance with the Employee Manual, Department Policies and Procedures, City of Alamogordo Ordinances, and any applicable State or Federal authority.

OTHER IMPORTANT DUTIES
	Must obtain and maintain all licenses, certifications, and safety training necessary to safely perform assigned duties and comply with applicable laws, regulations, and department policies. This includes, but is not limited to, OSHA safety training, equipment operation certification, confined space entry, lockout/tagout, personal protective equipment (PPE) usage, and any job-specific compliance requirements;
	Provides guidance to less experienced personnel as assigned;
	May be called upon to provide functional oversight at worksites;
	Required to perform on-call rotation duties outside of normal work hours, including evenings, weekends, and holidays;
	Occasional travel may be required;
	Non-traditional work hours are necessary during evenings, weekends, and holidays to prevent or reduce the disruption of utility services to customers;
	Maintains the confidentiality of information obtained during the performance of duties; and
	Performs such other duties as may be assigned.

The duties listed above are intended only as illustrations of the various types of work that may be performed. The omission of specific statements of duties does not exclude them from the position if the work is similar, related, or a logical assignment to the position.",https://cityofalamogordonm.munisselfservice.com/ess/EmploymentOpportunities/JobDetail.aspx?req=260117&sreq=1&form=GEN&desc=UTILITY%20MAINTENANCE%20JOURNEYMAN%20OPERATOR,2026-08-07,08/21/2026,City of Alamogordo,,INTERNAL & EXTERNAL,,"Alamogordo, NM, USA",Alamogordo,NM,USA,Tyler Technologies - Munis Self Service (ESS)
260118-1,WATER PRODUCTION JOURNEYMAN OPERATOR,"POSITION SUMMARY
Under general supervision, performs daily work assignments for the Water Production Division of the Utilities Department in accordance with the Employee Manual, Department Policies and Procedures, City of Alamogordo Ordinances, and any applicable State or Federal authority.

RECRUITMENT QUALIFICATIONS
Required at the time of hire:
	High School Diploma or GED equivalent;
	Current Water Supply Level 4 (WS4) certification* issued by the New Mexico Water Quality Control Commission; and 
	Valid New Mexico Drivers License with a driving record acceptable to the City of Alamogordo (valid out-of-state license may be considered acceptable until NM CDL is obtained).

Required within sixty (60) days:
	Successful completion of NM811 training (Excavation Law Class).

Required within six (6) months:
	Valid New Mexico Class A Commercial Drivers License with Tank (N) endorsement and a driving record acceptable to the City of Alamogordo. Skills testing shall be performed in a commercial vehicle equipped with a manual transmission. Drivers shall be granted a period of six (6) months to upgrade and remove an automatic transmission (E) restriction if one exists.

Required within twelve (12) months:
	Valid Traffic Control Supervisor (TCS) certification.

* The NMED Utility Operator Certification Program determines minimum qualifications for a WS4 certification. Testing eligibility and renewal requirements are subject to change in accordance with the Program.

PRIMARY DUTIES AND RESPONSIBILITIES
Essential Duties
	Understands water treatment theory/technology and applies that knowledge to the water treatment process;
	Ensures that water operations comply with operating guidelines and that treated water is safe and acceptable entering the distribution system;
	Monitors, operates, maintains, troubleshoots, and adjusts potable water treatment process equipment, including pumps, motors, pressure-reducing valves, pressure-sustaining valves, pump control valves, water tanks, wells, chemical feed systems, and related plumbing components;
	Controls the application of hazardous materials and chemicals associated with water treatment processes;
	Regulates pressures and flow rates in accordance with demand, storage, and production from other sources;
	Assists with daily rounds of wells, booster stations, and reservoirs; measures and records flow, pressure, and chemical feed dosages; records gallons pumped and number of hours each system ran the previous day;
	Monitors, interprets, and adjusts computerized Supervisory Control and Data Acquisition (SCADA) controls;
	Performs the more complex troubleshooting, maintenance of equipment, and water treatment process;
	Generates SOPs for troubleshooting, maintenance of equipment, and water treatment process;
	Interprets all charts, trends, graphs, and test results;
	Reads, records, and interprets information taken from computers, gauges, dials, and other instruments; acts on the information as appropriate;
	Runs routine laboratory tests to determine proper chemical treatment;
	Maintains chemical feed pumps to ensure proper dosage of chemicals;
	Calibrates water process equipment;
	Maintains and calibrates various electronic and mechanical equipment;
	Collects various water samples for laboratory analysis and performs simple water quality analysis tests;
	Collects water samples to monitor and analyze residuals for disinfection control when needed;
	Assists with the collection of all water compliance samples as required by the New Mexico Environment Department (NMED);
	Conducts water analysis tests to ensure safety and water quality by collecting representative water samples and testing for contaminants and properties associated with water treatment processes;
	Collects representative water samples to be used by other agencies for water analysis testing for regulation compliance;
	Installs, maintains, repairs, modifies, troubleshoots, and services potable water production operations machinery and equipment, including pumps, valves, motors, meters, tanks, reservoirs, feeders, and online analyzers; changes lubrications;
	Performs preventative maintenance; oils, greases, cleans, and otherwise services potable water production equipment; uses hand and power tools to remove, install, and make minor repairs, modifications, or additions to potable water production facilities;
	Checks, repairs, and performs preventative maintenance on pressure reducing/presser sustaining valves;
	Ensures tools and equipment are properly maintained and meet any scheduled maintenance requirements;
	Inspects potable water production equipment and facilities to locate and report needed repairs and maintenance; reports and/or corrects unsafe working conditions;
	Performs general potable water production facility upkeep such as sweeping, mopping, cleaning, sanding, and painting; performs general groundskeeping and housekeeping as required;
	Receives supplies delivered and ensures that they are properly stored; reports need for materials to supervisory staff;
	Participates in a variety of special projects, such as the construction of piping and structural systems related to water treatment processes and conveyance;
	Operates a variety of heavy equipment, including backhoes, excavators, front-end loaders, bulldozers, dump trucks, and tractor-trailer combinations;
	Responsible for proper traffic control compliance using the Manual of Uniform Traffic Control Devices (M.U.T.C.D.) standards to ensure employee safety with equal considerations for public safety and convenience;
	Secures and transports hazardous chemicals to various facility locations and assists with the transport function by off-loading and loading hazardous chemicals for transport;
	Participates in an annual review of various programs, including Emergency Action Plan, Distribution Site Sampling Plan, Hazard Communications, Standard Operating Procedures (SOPs), and Confined Space Program; revises and updates as appropriate;
	Maintains and updates accurate records for the treatment process and prepares logbook entries;
	Becomes familiar with operation manuals such as maintenance, treatment, and safety;
	Responds to customer complaints regarding water problems;
	Guides and explains operations to visiting groups;
	Assists in the development and implementation of appropriate operator training programs and conducts classes to improve operator knowledge, skills, and abilities;
	Provides on-the-job training to less experienced employees as assigned; may be called upon to provide functional supervision on a project basis as needed; 
	Assists other divisions during emergencies or as may be required to maintain quality service to customers;
	Drives a City vehicle in the performance of duties;
	Contributes to a high-quality work culture through participation in training and mentoring to develop skills, including safety-related training and skills;
	Interacts professionally and provides excellent customer service to all levels of City staff and citizens to ensure high operational and service standards; and
	Performs duties in accordance with the Employee Manual, Department Policies and Procedures, City of Alamogordo Ordinances, and any applicable State or Federal authority.

OTHER IMPORTANT DUTIES
	Must obtain and maintain all licenses, certifications, and safety training necessary to safely perform assigned duties and comply with applicable laws, regulations, and department policies. This includes, but is not limited to, OSHA safety training, equipment operation certification, confined space entry, lockout/tagout, personal protective equipment (PPE) usage, and any job-specific compliance requirements;
	Provides on-the-job training to less experienced personnel as assigned;
	May be called upon to provide functional oversight at worksites;
	Required to perform on-call rotation duties outside of normal work hours, including evenings, weekends, and holidays;
	Non-traditional work hours are necessary during evenings, weekends, and holidays to prevent or reduce the disruption of water services to customers;
	Maintains the confidentiality of information obtained during the performance of duties; and
	Performs such other duties as may be assigned.

The duties listed above are intended only as illustrations of the various types of work that may be performed.  The omission of specific statements of duties does not exclude them from the position if the work is similar, related, or a logical assignment to the position.",https://cityofalamogordonm.munisselfservice.com/ess/EmploymentOpportunities/JobDetail.aspx?req=260118&sreq=1&form=GEN&desc=WATER%20PRODUCTION%20JOURNEYMAN%20OPERATOR,2026-08-07,08/21/2026,City of Alamogordo,,INTERNAL & EXTERNAL,,"Alamogordo, NM, USA",Alamogordo,NM,USA,Tyler Technologies - Munis Self Service (ESS)
260120-1,COMMUNITY EVENTS & MAINTENANCE (PT),"POSITION SUMMARY
Under general supervision, performs daily work assignments for the Community Events Division of the Community Services Department in accordance with the Employee Manual, Department Policies and Procedures, City of Alamogordo Ordinances, and any applicable State or Federal authority.

RECRUITMENT QUALIFICATIONS
Required:
	High school diploma or equivalent;
	One (1) year of building maintenance and/or janitorial experience;
	Valid New Mexico Drivers License, with a driving record acceptable to the City of Alamogordo;
	Or any equivalent combination of education, experience, and training that provides the required knowledge, skills, and abilities.

Required during tenure:
	Must obtain and/or maintain certification(s) necessary to perform Essential Duties effectively and safely, including but not limited to:
o	Within sixty (60) days from date of hire: OSHA-compliant Mobile Elevated Work Platform certification.

Desired: 
	Special event/staging experience.
	Experience with ground maintenance.

PRIMARY DUTIES AND RESPONSIBILITIES
Essential Duties
	Performs facility maintenance, custodial services, grounds maintenance, event support, and operational duties for the Citys Civic Center and Dudley School Community Center facilities;
	Coordinates daily operational activities to ensure facilities are safe, clean, functional, and prepared for scheduled events and public use;
	Coordinates and performs setup and breakdown of tables, chairs, stages, portable walls, and equipment for the Civic Center, Dudley School Community Center, and functions at other City locations, and ensures facilities/sites are prepared according to event requirements;
	Monitors facility operations during scheduled events at the Civic Center and Dudley School Community Center and serves as the primary on-site facility representative for operational issues, patron assistance, and coordination with staff, vendors, and contractors;
	Serves as a point of contact for patrons and user groups regarding facility operations and event-related needs; explains facility policies and procedures; provides assistance as necessary;
	Performs custodial duties including floor care, dusting, mopping, stripping, waxing, buffing, vacuuming, and cleaning of restrooms, kitchens, offices, and common areas;
	Performs minor repairs and carpentry duties, including painting, wall repair, installation of plumbing fixtures, assembly of equipment, and other related maintenance activities;
	Maintains and manages inventories of cleaning supplies, maintenance materials, and consumable items and initiates requests for replenishment as necessary;
	Responsible for opening, securing, inspecting, and maintaining readiness of City facilities and identifying maintenance and safety concerns;
	Maintains and updates facility marquees and signage in support of public information and scheduled events;
	Responsible for operation and basic troubleshooting of facility lighting, sound, and audiovisual systems in support of events and programs; 
	Maintains grounds surrounding the Civic Center and Dudley School Community Center facilities and ensures exterior areas are presentable, safe, and free from hazards. Duties include weed control, trimming vegetation, litter removal, use of hand tools and light equipment, and application of non-restricted pesticides as necessary;
	Promptly reports hazards, malfunctions, damages to the interior or exterior of the assigned facility, and any safety concerns to the supervisor;
	Maintains maintenance records, operational logs, and setup documentation;
	May answer telephones, relay messages, and assist with general office functions as required; 
	Operates City vehicles and safely uses maintenance tools, lifts, ladders, and light equipment in accordance with established safety procedures; 
	With proper certifications, may operate a forklift and/or an elevated work platform;
	Contributes to a high-quality work culture through participation in training and mentoring to develop skills, including safety-related training and skills;
	Interacts professionally and provides excellent customer service to all levels of City staff and citizens to ensure high operational and service standards; and
	Performs duties in accordance with the Employee Manual, Department Policies and Procedures, City of Alamogordo Ordinances, and any applicable State or Federal authority.

OTHER IMPORTANT DUTIES
	Must obtain and maintain required license(s) and/or certification(s);
	Duties may be performed at odd and irregular hours, including mornings, evenings, nights, weekends, holidays, and split shifts any day of the week;
	Maintains the confidentiality of information obtained during the performance of duties; and
	Performs such other duties as may be assigned.

The duties listed above are intended only as illustrations of the various types of work that may be performed.  The omission of specific statements of duties does not exclude them from the position if the work is similar, related, or a logical assignment to the position.",https://cityofalamogordonm.munisselfservice.com/ess/EmploymentOpportunities/JobDetail.aspx?req=260120&sreq=1&form=GEN&desc=COMMUNITY%20EVENTS%20%26%20MAINTENANCE%20(PT),2026-08-11,12/31/9999,City of Alamogordo,$16.22/hr and up,INTERNAL & EXTERNAL,,"Alamogordo, NM, USA",Alamogordo,NM,USA,Tyler Technologies - Munis Self Service (ESS)
260121-1,COMMUNITY EVENTS & MAINTENANCE (FT),"POSITION SUMMARY
Under general supervision, performs daily work assignments for the Community Events Division of the Community Services Department in accordance with the Employee Manual, Department Policies and Procedures, City of Alamogordo Ordinances, and any applicable State or Federal authority.

RECRUITMENT QUALIFICATIONS
Required:
	High school diploma or equivalent;
	One (1) year of building maintenance and/or janitorial experience;
	Valid New Mexico Drivers License, with a driving record acceptable to the City of Alamogordo;
	Or any equivalent combination of education, experience, and training that provides the required knowledge, skills, and abilities.

Required during tenure:
	Must obtain and/or maintain certification(s) necessary to perform Essential Duties effectively and safely, including but not limited to:
o	Within sixty (60) days from date of hire: OSHA-compliant Mobile Elevated Work Platform certification.

Desired: 
	Special event/staging experience.
	Experience with ground maintenance.

PRIMARY DUTIES AND RESPONSIBILITIES
Essential Duties
	Performs facility maintenance, custodial services, grounds maintenance, event support, and operational duties for the Citys Civic Center and Dudley School Community Center facilities;
	Coordinates daily operational activities to ensure facilities are safe, clean, functional, and prepared for scheduled events and public use;
	Coordinates and performs setup and breakdown of tables, chairs, stages, portable walls, and equipment for the Civic Center, Dudley School Community Center, and functions at other City locations, and ensures facilities/sites are prepared according to event requirements;
	Monitors facility operations during scheduled events at the Civic Center and Dudley School Community Center and serves as the primary on-site facility representative for operational issues, patron assistance, and coordination with staff, vendors, and contractors;
	Serves as a point of contact for patrons and user groups regarding facility operations and event-related needs; explains facility policies and procedures; provides assistance as necessary;
	Performs custodial duties including floor care, dusting, mopping, stripping, waxing, buffing, vacuuming, and cleaning of restrooms, kitchens, offices, and common areas;
	Performs minor repairs and carpentry duties, including painting, wall repair, installation of plumbing fixtures, assembly of equipment, and other related maintenance activities;
	Maintains and manages inventories of cleaning supplies, maintenance materials, and consumable items and initiates requests for replenishment as necessary;
	Responsible for opening, securing, inspecting, and maintaining readiness of City facilities and identifying maintenance and safety concerns;
	Maintains and updates facility marquees and signage in support of public information and scheduled events;
	Responsible for operation and basic troubleshooting of facility lighting, sound, and audiovisual systems in support of events and programs; 
	Maintains grounds surrounding the Civic Center and Dudley School Community Center facilities and ensures exterior areas are presentable, safe, and free from hazards. Duties include weed control, trimming vegetation, litter removal, use of hand tools and light equipment, and application of non-restricted pesticides as necessary;
	Promptly reports hazards, malfunctions, damages to the interior or exterior of the assigned facility, and any safety concerns to the supervisor;
	Maintains maintenance records, operational logs, and setup documentation;
	May answer telephones, relay messages, and assist with general office functions as required; 
	Operates City vehicles and safely uses maintenance tools, lifts, ladders, and light equipment in accordance with established safety procedures; 
	With proper certifications, may operate a forklift and/or an elevated work platform;
	Contributes to a high-quality work culture through participation in training and mentoring to develop skills, including safety-related training and skills;
	Interacts professionally and provides excellent customer service to all levels of City staff and citizens to ensure high operational and service standards; and
	Performs duties in accordance with the Employee Manual, Department Policies and Procedures, City of Alamogordo Ordinances, and any applicable State or Federal authority.

OTHER IMPORTANT DUTIES
	Must obtain and maintain required license(s) and/or certification(s);
	Duties may be performed at odd and irregular hours, including mornings, evenings, nights, weekends, holidays, and split shifts any day of the week;
	Maintains the confidentiality of information obtained during the performance of duties; and
	Performs such other duties as may be assigned.

The duties listed above are intended only as illustrations of the various types of work that may be performed.  The omission of specific statements of duties does not exclude them from the position if the work is similar, related, or a logical assignment to the position.",https://cityofalamogordonm.munisselfservice.com/ess/EmploymentOpportunities/JobDetail.aspx?req=260121&sreq=1&form=GEN&desc=COMMUNITY%20EVENTS%20%26%20MAINTENANCE%20(FT),2026-08-11,12/31/9999,City of Alamogordo,$16.22/hr and up,INTERNAL & EXTERNAL,,"Alamogordo, NM, USA",Alamogordo,NM,USA,Tyler Technologies - Munis Self Service (ESS)
